Order Date,Sneaker Name,Sale Price
08/12/2023,Nike Air Max 95,286
01/14/2021,Nike Air Force 1,267
10/08/2022,Nike Dunk Low,123
05/26/2020,Nike Air Zoom Pegasus 37,157
02/21/2022,Nike Air Max 97,159
05/31/2020,Nike Air Max 95,197
03/15/2023,Nike Air Force 1,193
07/16/2020,Nike Blazer Mid 77,85
12/12/2021,Nike Air Max 270,83
09/05/2020,Nike Blazer Mid 77,149
12/14/2022,Nike Air Max 97,286
07/04/2020,Nike Air Max 270,210
03/24/2021,Nike Air Max 90,147
06/08/2023,Nike React Infinity Run,287
07/22/2023,Nike Air Max 97,116
12/28/2022,Nike Air Max 97,187
09/17/2020,Nike Air Max 95,272
12/07/2023,Nike React Infinity Run,226
06/27/2021,Nike ZoomX Vaporfly NEXT%,240
01/03/2023,Nike Dunk Low,173
10/27/2020,Nike Air Max 95,82
06/03/2023,Nike React Infinity Run,241
06/24/2020,Nike ZoomX Vaporfly NEXT%,279
04/29/2023,Nike Air Max 95,96
01/17/2021,Nike Air Max 270,140
08/30/2023,Nike ZoomX Vaporfly NEXT%,202
02/21/2020,Nike Blazer Mid 77,92
07/26/2020,Nike Air Max 90,284
04/25/2020,Nike Air Max 97,130
07/09/2022,Nike Air Max 270,178
05/21/2021,Nike Air Max 95,173
09/17/2020,Nike Air Zoom Pegasus 37,147
08/10/2022,Nike Air Max 97,188
03/20/2021,Nike Air Force 1,84
08/05/2021,Nike Blazer Mid 77,298
02/11/2021,Nike Blazer Mid 77,280
02/18/2022,Nike Dunk Low,99
09/03/2022,Nike Air Max 90,182
11/02/2023,Nike Air Max 90,182
07/25/2020,Nike Air Zoom Pegasus 37,269
08/17/2020,Nike React Infinity Run,218
04/26/2021,Nike Air Max 97,240
09/25/2020,Nike Air Max 95,162
05/29/2021,Nike Air Force 1,177
08/24/2022,Nike Air Force 1,130
03/05/2020,Nike Dunk Low,190
11/08/2023,Nike Air Max 270,121
05/20/2021,Nike Air Max 97,296
03/10/2022,Nike Air Force 1,246
06/13/2022,Nike Air Max 90,271
07/20/2020,Nike Blazer Mid 77,98
01/16/2020,Nike Air Max 97,289
10/08/2021,Nike Air Max 95,154
01/11/2023,Nike React Infinity Run,93
12/05/2020,Nike Air Max 270,191
06/05/2020,Nike Air Max 95,224
02/18/2020,Nike ZoomX Vaporfly NEXT%,224
06/01/2020,Nike Air Max 90,202
05/07/2020,Nike Air Max 90,192
01/02/2020,Nike Air Zoom Pegasus 37,216
08/17/2023,Nike React Infinity Run,154
03/26/2021,Nike Air Max 90,249
03/27/2021,Nike Air Max 90,249
04/14/2020,Nike ZoomX Vaporfly NEXT%,80
08/02/2021,Nike React Infinity Run,182
02/27/2022,Nike Air Zoom Pegasus 37,292
01/05/2023,Nike Air Max 270,239
08/17/2021,Nike Air Max 95,102
08/10/2021,Nike Air Force 1,159
04/03/2023,Nike Air Force 1,100
04/22/2020,Nike Air Max 90,134
12/10/2021,Nike Air Zoom Pegasus 37,156
10/27/2023,Nike Air Max 95,189
08/25/2023,Nike Air Max 97,299
02/02/2020,Nike Air Max 97,263
02/17/2022,Nike Air Force 1,292
08/06/2022,Nike Air Force 1,220
06/02/2021,Nike Air Max 97,179
02/06/2023,Nike Air Max 90,181
08/04/2021,Nike ZoomX Vaporfly NEXT%,207
12/15/2021,Nike Air Max 97,287
04/09/2020,Nike Air Max 95,224
11/25/2023,Nike ZoomX Vaporfly NEXT%,218
12/01/2023,Nike Blazer Mid 77,81
12/22/2022,Nike Air Max 90,189
01/27/2020,Nike Air Zoom Pegasus 37,247
01/05/2023,Nike ZoomX Vaporfly NEXT%,236
06/25/2022,Nike Air Max 97,224
12/07/2020,Nike React Infinity Run,272
08/06/2022,Nike Air Max 95,188
05/25/2023,Nike React Infinity Run,190
02/01/2023,Nike Air Zoom Pegasus 37,152
11/24/2023,Nike Air Force 1,298
08/02/2021,Nike Blazer Mid 77,195
09/25/2021,Nike Air Max 90,90
07/01/2022,Nike React Infinity Run,273
08/26/2023,Nike Dunk Low,182
11/18/2022,Nike Air Force 1,176
07/08/2021,Nike Air Zoom Pegasus 37,202
11/23/2021,Nike Blazer Mid 77,135
02/05/2022,Nike Air Max 97,155
01/08/2022,Nike Dunk Low,150
01/23/2022,Nike React Infinity Run,174
12/22/2021,Nike Blazer Mid 77,272
04/10/2022,Nike Air Zoom Pegasus 37,279
04/27/2020,Nike Air Max 97,239
02/09/2023,Nike Dunk Low,94
03/23/2020,Nike Dunk Low,80
08/04/2021,Nike Air Force 1,174
01/27/2023,Nike Dunk Low,189
04/02/2022,Nike Air Zoom Pegasus 37,102
01/05/2022,Nike ZoomX Vaporfly NEXT%,132
03/16/2020,Nike React Infinity Run,251
05/06/2023,Nike ZoomX Vaporfly NEXT%,83
04/24/2020,Nike Air Zoom Pegasus 37,115
08/09/2023,Nike Air Max 90,198
11/04/2021,Nike Air Max 90,164
06/14/2022,Nike Blazer Mid 77,139
01/31/2020,Nike Air Max 270,229
11/14/2021,Nike Air Force 1,251
03/18/2023,Nike Air Force 1,162
07/23/2021,Nike Air Zoom Pegasus 37,188
06/04/2020,Nike Air Max 90,275
01/26/2023,Nike Air Zoom Pegasus 37,189
09/08/2022,Nike Dunk Low,253
01/03/2023,Nike Air Force 1,260
04/21/2021,Nike React Infinity Run,279
09/01/2021,Nike Air Max 270,218
12/19/2022,Nike Air Zoom Pegasus 37,267
05/20/2023,Nike Dunk Low,243
01/03/2023,Nike Dunk Low,159
04/08/2021,Nike Air Force 1,147
01/06/2020,Nike Air Max 97,204
04/27/2021,Nike Dunk Low,113
10/29/2020,Nike React Infinity Run,89
03/23/2022,Nike Air Max 90,118
07/23/2021,Nike Air Force 1,159
04/28/2021,Nike Air Max 97,212
09/02/2022,Nike Air Max 97,172
03/16/2023,Nike Air Max 90,127
01/04/2022,Nike React Infinity Run,289
02/02/2023,Nike ZoomX Vaporfly NEXT%,120
06/16/2023,Nike Dunk Low,156
11/27/2023,Nike Air Max 90,266
10/29/2021,Nike Air Force 1,131
02/23/2020,Nike Air Max 270,283
02/02/2020,Nike Air Max 97,211
01/03/2020,Nike ZoomX Vaporfly NEXT%,251
05/10/2020,Nike Air Max 90,107
09/05/2020,Nike Air Max 90,285
07/16/2021,Nike Air Max 95,215
01/26/2021,Nike Air Max 97,234
10/13/2021,Nike Air Max 270,231
09/24/2023,Nike Air Max 90,89
01/14/2021,Nike Air Max 95,231
05/19/2021,Nike Air Max 90,83
10/09/2023,Nike Blazer Mid 77,296
11/28/2021,Nike Air Zoom Pegasus 37,224
02/26/2023,Nike Air Max 95,279
08/05/2020,Nike ZoomX Vaporfly NEXT%,97
12/11/2022,Nike Air Max 95,256
07/04/2022,Nike React Infinity Run,216
07/28/2023,Nike Air Max 97,245
08/04/2022,Nike Air Max 270,196
06/23/2021,Nike Air Max 97,143
01/13/2022,Nike Dunk Low,195
04/30/2021,Nike ZoomX Vaporfly NEXT%,81
08/20/2023,Nike Air Max 90,143
12/31/2022,Nike Air Max 270,136
09/25/2020,Nike Air Force 1,249
01/05/2022,Nike Air Force 1,240
11/28/2021,Nike Air Max 270,148
09/12/2023,Nike Air Max 97,282
02/06/2020,Nike Air Max 90,295
10/14/2023,Nike Air Zoom Pegasus 37,262
10/02/2023,Nike Air Max 95,82
07/25/2020,Nike Air Max 270,180
04/19/2021,Nike Blazer Mid 77,287
03/30/2021,Nike ZoomX Vaporfly NEXT%,200
10/05/2020,Nike React Infinity Run,146
08/15/2021,Nike Air Zoom Pegasus 37,272
10/11/2021,Nike Air Max 97,215
02/24/2022,Nike Blazer Mid 77,172
10/02/2022,Nike Air Max 97,225
07/03/2020,Nike Air Max 97,174
04/28/2020,Nike Air Max 270,257
01/06/2023,Nike React Infinity Run,222
04/21/2021,Nike Air Max 90,109
02/02/2021,Nike Air Max 97,241
04/04/2023,Nike ZoomX Vaporfly NEXT%,228
03/18/2020,Nike Air Force 1,266
01/04/2021,Nike Air Max 95,177
07/17/2021,Nike ZoomX Vaporfly NEXT%,155
03/02/2020,Nike React Infinity Run,240
01/19/2021,Nike ZoomX Vaporfly NEXT%,272
01/25/2023,Nike Blazer Mid 77,85
10/09/2020,Nike Air Max 270,100
04/18/2021,Nike Dunk Low,143
02/17/2023,Nike Dunk Low,231
04/29/2022,Nike Dunk Low,97
10/11/2021,Nike Air Force 1,193
01/02/2022,Nike React Infinity Run,271
09/12/2021,Nike Air Max 95,237
09/23/2021,Nike ZoomX Vaporfly NEXT%,183
12/14/2022,Nike Air Max 270,288
01/28/2020,Nike Air Max 90,296
09/23/2022,Nike Air Max 95,281
01/14/2021,Nike Air Force 1,180
11/19/2023,Nike React Infinity Run,106
09/25/2023,Nike Air Max 97,104
03/06/2020,Nike Air Zoom Pegasus 37,238
04/06/2020,Nike Air Max 90,271
11/22/2023,Nike Air Max 97,177
09/09/2022,Nike Air Max 97,283
07/24/2022,Nike React Infinity Run,287
10/24/2021,Nike Air Max 95,225
02/16/2022,Nike Air Force 1,131
04/25/2022,Nike Air Zoom Pegasus 37,288
06/18/2023,Nike React Infinity Run,100
08/23/2023,Nike Air Force 1,84
08/15/2020,Nike Air Zoom Pegasus 37,106
12/04/2020,Nike React Infinity Run,264
05/24/2023,Nike Air Max 97,199
05/17/2020,Nike React Infinity Run,224
01/10/2023,Nike Dunk Low,290
06/08/2021,Nike Air Max 97,179
08/06/2021,Nike Dunk Low,284
11/06/2021,Nike Air Max 97,289
07/13/2021,Nike ZoomX Vaporfly NEXT%,278
03/02/2023,Nike Air Max 97,233
11/28/2020,Nike Air Max 90,178
03/17/2022,Nike Blazer Mid 77,265
08/23/2021,Nike Air Max 270,296
12/27/2020,Nike Air Max 97,296
12/21/2022,Nike Blazer Mid 77,155
05/31/2023,Nike Blazer Mid 77,230
04/25/2020,Nike Air Max 90,243
04/16/2023,Nike ZoomX Vaporfly NEXT%,232
09/28/2021,Nike Air Max 97,93
07/08/2023,Nike Air Max 270,278
07/27/2022,Nike Air Max 97,181
05/19/2020,Nike Air Max 90,165
07/20/2023,Nike Air Force 1,217
05/19/2022,Nike ZoomX Vaporfly NEXT%,191
04/05/2022,Nike ZoomX Vaporfly NEXT%,109
04/04/2020,Nike React Infinity Run,206
04/17/2022,Nike Air Max 270,256
01/20/2020,Nike Air Max 270,121
10/30/2021,Nike Dunk Low,284
01/31/2023,Nike ZoomX Vaporfly NEXT%,138
04/11/2021,Nike ZoomX Vaporfly NEXT%,219
05/21/2022,Nike Air Max 90,255
02/21/2022,Nike Dunk Low,114
07/10/2020,Nike Blazer Mid 77,102
04/22/2022,Nike Air Max 90,252
01/14/2022,Nike Dunk Low,258
02/06/2022,Nike React Infinity Run,131
01/27/2022,Nike Air Max 90,121
11/12/2021,Nike Dunk Low,259
06/04/2020,Nike Air Max 97,249
07/11/2020,Nike Air Zoom Pegasus 37,152
06/16/2023,Nike ZoomX Vaporfly NEXT%,138
03/11/2021,Nike Air Max 95,279
11/12/2022,Nike Air Zoom Pegasus 37,92
07/14/2023,Nike React Infinity Run,206
03/21/2020,Nike Air Max 97,95
10/18/2020,Nike Air Max 95,290
12/14/2022,Nike Air Force 1,117
12/20/2020,Nike React Infinity Run,139
12/20/2021,Nike Air Max 95,91
01/20/2023,Nike Air Max 90,290
12/15/2022,Nike Air Max 97,277
09/26/2022,Nike ZoomX Vaporfly NEXT%,252
07/14/2021,Nike Air Zoom Pegasus 37,200
10/05/2020,Nike Air Force 1,293
06/07/2020,Nike React Infinity Run,234
10/22/2020,Nike Dunk Low,254
03/22/2023,Nike Air Max 90,185
02/04/2023,Nike Air Zoom Pegasus 37,244
01/03/2020,Nike Air Force 1,89
09/29/2023,Nike Air Zoom Pegasus 37,122
02/24/2020,Nike Air Force 1,89
05/17/2022,Nike Air Max 97,257
03/14/2021,Nike Air Max 270,261
03/18/2021,Nike Blazer Mid 77,251
05/02/2021,Nike Air Max 90,206
09/28/2021,Nike Air Force 1,80
06/28/2020,Nike Air Max 95,108
04/26/2021,Nike Blazer Mid 77,269
08/13/2020,Nike Blazer Mid 77,255
11/06/2020,Nike React Infinity Run,144
12/12/2020,Nike Blazer Mid 77,123
11/24/2023,Nike Air Max 90,104
01/11/2021,Nike Dunk Low,224
04/14/2021,Nike Dunk Low,204
12/24/2023,Nike Air Max 270,89
04/05/2023,Nike Air Force 1,277
01/17/2020,Nike ZoomX Vaporfly NEXT%,89
10/23/2023,Nike Dunk Low,92
09/20/2022,Nike Air Max 95,116
08/27/2023,Nike Air Max 97,244
04/09/2021,Nike Dunk Low,111
12/25/2020,Nike Blazer Mid 77,209
08/30/2021,Nike Air Max 97,219
07/19/2023,Nike Air Max 90,275
08/08/2021,Nike Air Max 90,191
11/24/2023,Nike Air Zoom Pegasus 37,166
07/08/2021,Nike Air Max 90,145
03/12/2020,Nike Dunk Low,248
09/17/2023,Nike Dunk Low,286
09/17/2021,Nike Air Force 1,174
01/16/2020,Nike Air Max 90,243
06/12/2020,Nike Air Zoom Pegasus 37,99
06/07/2022,Nike Dunk Low,108
03/09/2023,Nike React Infinity Run,192
02/03/2022,Nike Air Zoom Pegasus 37,188
01/27/2020,Nike Air Force 1,227
02/07/2023,Nike Dunk Low,262
07/13/2022,Nike Air Force 1,277
04/22/2023,Nike Dunk Low,280
07/18/2022,Nike React Infinity Run,95
02/22/2022,Nike Air Max 95,279
05/06/2021,Nike Air Zoom Pegasus 37,95
03/09/2022,Nike Air Max 97,184
10/18/2022,Nike Air Max 95,297
01/24/2022,Nike Air Zoom Pegasus 37,204
07/05/2020,Nike Air Zoom Pegasus 37,154
09/13/2021,Nike Dunk Low,115
08/09/2022,Nike Air Force 1,202
02/10/2020,Nike Air Max 97,95
12/14/2023,Nike Air Max 270,266
12/26/2022,Nike Air Max 270,200
10/14/2021,Nike Air Zoom Pegasus 37,118
11/11/2022,Nike Air Max 270,126
12/04/2023,Nike Air Zoom Pegasus 37,101
04/13/2023,Nike Air Max 90,231
04/21/2022,Nike Dunk Low,98
12/24/2023,Nike Air Zoom Pegasus 37,182
02/28/2021,Nike Air Max 95,113
08/05/2021,Nike React Infinity Run,144
05/22/2022,Nike ZoomX Vaporfly NEXT%,138
05/23/2020,Nike ZoomX Vaporfly NEXT%,255
04/01/2022,Nike Air Max 95,124
09/30/2022,Nike Air Max 90,136
03/07/2023,Nike Air Max 90,257
06/27/2022,Nike Air Max 97,104
10/03/2022,Nike ZoomX Vaporfly NEXT%,242
08/25/2020,Nike Air Max 97,138
05/16/2023,Nike Air Max 270,89
05/14/2021,Nike React Infinity Run,228
04/14/2023,Nike Air Zoom Pegasus 37,267
10/03/2022,Nike Air Max 97,222
09/16/2023,Nike Dunk Low,204
07/16/2023,Nike React Infinity Run,84
04/16/2022,Nike Air Force 1,206
05/15/2020,Nike Air Max 90,208
07/19/2021,Nike Air Force 1,262
12/25/2020,Nike Dunk Low,296
10/11/2022,Nike Air Max 95,175
02/26/2020,Nike Air Max 270,117
01/15/2021,Nike Dunk Low,162
10/17/2022,Nike Air Max 270,180
06/14/2021,Nike Dunk Low,179
02/14/2021,Nike React Infinity Run,96
12/10/2020,Nike Air Max 270,121
04/10/2023,Nike Air Zoom Pegasus 37,252
11/15/2022,Nike Air Max 95,166
03/05/2023,Nike Blazer Mid 77,243
02/25/2020,Nike Air Force 1,275
03/25/2020,Nike Air Force 1,240
03/23/2023,Nike Air Max 95,239
02/01/2021,Nike Dunk Low,229
01/23/2023,Nike Air Max 90,183
12/19/2021,Nike Air Max 95,270
01/29/2022,Nike ZoomX Vaporfly NEXT%,166
01/15/2021,Nike Air Max 97,90
11/20/2022,Nike Air Max 270,231
04/15/2023,Nike Air Max 90,113
10/08/2023,Nike Air Zoom Pegasus 37,221
09/06/2023,Nike Air Max 270,189
07/05/2021,Nike Air Force 1,196
06/21/2020,Nike Air Max 270,83
03/26/2022,Nike Air Max 97,135
06/15/2022,Nike Air Max 97,294
12/25/2020,Nike Air Zoom Pegasus 37,289
10/17/2023,Nike Dunk Low,80
04/08/2023,Nike Air Max 97,217
05/20/2020,Nike Air Max 90,155
04/16/2021,Nike Air Zoom Pegasus 37,150
05/23/2020,Nike Dunk Low,96
01/14/2022,Nike React Infinity Run,93
06/21/2020,Nike Air Max 95,225
07/18/2023,Nike Air Max 90,180
10/12/2020,Nike Air Zoom Pegasus 37,89
01/08/2022,Nike Air Zoom Pegasus 37,256
02/19/2021,Nike React Infinity Run,219
04/03/2022,Nike Air Max 90,272
03/18/2022,Nike Air Force 1,166
11/01/2021,Nike Air Max 270,109
12/02/2021,Nike Air Force 1,156
11/24/2021,Nike ZoomX Vaporfly NEXT%,141
04/20/2021,Nike Air Max 95,241
11/01/2023,Nike Blazer Mid 77,179
05/10/2020,Nike Air Max 270,97
05/12/2022,Nike Air Zoom Pegasus 37,282
07/02/2020,Nike Air Max 90,163
09/21/2022,Nike React Infinity Run,206
08/05/2022,Nike Air Max 97,99
12/30/2021,Nike Air Max 97,213
06/09/2020,Nike Air Max 90,299
09/13/2023,Nike Air Force 1,247
07/14/2022,Nike Air Zoom Pegasus 37,174
04/11/2022,Nike Air Max 90,221
09/09/2020,Nike React Infinity Run,91
01/30/2022,Nike Air Max 97,212
11/25/2021,Nike Air Zoom Pegasus 37,167
05/28/2023,Nike Air Max 97,191
04/16/2020,Nike Air Max 97,153
08/24/2022,Nike Air Max 90,237
03/31/2023,Nike Air Zoom Pegasus 37,237
08/31/2020,Nike ZoomX Vaporfly NEXT%,249
11/11/2020,Nike Dunk Low,181
02/07/2020,Nike ZoomX Vaporfly NEXT%,80
08/06/2021,Nike Air Max 95,269
10/12/2023,Nike Blazer Mid 77,165
12/16/2020,Nike Air Zoom Pegasus 37,96
01/19/2021,Nike Air Max 95,171
06/18/2020,Nike Air Force 1,162
09/13/2022,Nike ZoomX Vaporfly NEXT%,138
07/26/2023,Nike Air Zoom Pegasus 37,278
10/12/2022,Nike React Infinity Run,193
04/10/2020,Nike Air Max 95,239
06/27/2020,Nike Air Max 270,223
10/15/2020,Nike Air Max 90,99
03/04/2022,Nike Air Force 1,196
08/30/2022,Nike Air Max 270,122
12/23/2022,Nike Air Max 95,283
08/30/2022,Nike Dunk Low,97
01/20/2023,Nike Air Max 97,166
05/04/2023,Nike React Infinity Run,143
08/06/2020,Nike Air Zoom Pegasus 37,234
07/27/2023,Nike Air Max 95,162
07/13/2021,Nike Air Zoom Pegasus 37,287
06/21/2023,Nike Dunk Low,228
01/14/2020,Nike Blazer Mid 77,288
05/20/2023,Nike Air Max 97,97
01/15/2023,Nike Dunk Low,168
01/01/2020,Nike Air Max 97,219
02/24/2021,Nike Air Force 1,225
05/11/2022,Nike Air Max 95,206
11/27/2020,Nike Dunk Low,163
11/20/2022,Nike ZoomX Vaporfly NEXT%,232
09/12/2020,Nike Air Max 90,106
11/11/2021,Nike Dunk Low,284
02/26/2020,Nike Air Max 90,244
07/20/2020,Nike Air Zoom Pegasus 37,283
02/24/2020,Nike Air Zoom Pegasus 37,174
07/04/2023,Nike Air Max 97,102
11/06/2020,Nike Dunk Low,131
05/09/2020,Nike Air Max 90,127
09/06/2023,Nike Air Force 1,291
12/17/2023,Nike Air Force 1,278
02/10/2021,Nike Air Max 95,273
07/15/2023,Nike Air Force 1,159
08/08/2022,Nike Air Max 90,152
07/28/2020,Nike Air Max 97,235
04/11/2020,Nike Air Force 1,113
02/08/2021,Nike Air Max 270,120
04/29/2020,Nike Air Max 97,146
04/17/2021,Nike ZoomX Vaporfly NEXT%,290
05/25/2023,Nike React Infinity Run,97
08/18/2020,Nike ZoomX Vaporfly NEXT%,173
08/08/2021,Nike Air Max 90,172
11/12/2020,Nike Dunk Low,284
02/18/2021,Nike ZoomX Vaporfly NEXT%,258
01/11/2020,Nike Air Max 270,127
03/09/2022,Nike Air Max 90,249
04/15/2023,Nike React Infinity Run,122
07/23/2023,Nike Blazer Mid 77,116
08/02/2020,Nike Air Max 95,147
06/07/2021,Nike Dunk Low,106
12/29/2021,Nike ZoomX Vaporfly NEXT%,115
07/30/2023,Nike Air Max 95,130
01/11/2022,Nike Dunk Low,262
06/18/2023,Nike Air Max 90,242
12/10/2023,Nike React Infinity Run,111
07/05/2020,Nike Dunk Low,138
06/07/2021,Nike Air Max 95,111
04/01/2020,Nike Air Max 270,209
01/12/2021,Nike Air Max 270,265
09/10/2023,Nike Air Max 97,104
02/15/2022,Nike Air Max 270,192
03/02/2022,Nike Air Max 90,147
08/27/2020,Nike Air Force 1,179
05/10/2022,Nike Air Max 95,253
07/09/2020,Nike Air Max 270,262
09/01/2021,Nike Air Max 95,223
08/19/2020,Nike Dunk Low,111
11/07/2023,Nike Air Max 95,84
08/02/2022,Nike Blazer Mid 77,203
08/04/2021,Nike React Infinity Run,116
01/17/2020,Nike Blazer Mid 77,98
10/01/2022,Nike ZoomX Vaporfly NEXT%,284
03/29/2023,Nike Air Zoom Pegasus 37,188
08/04/2021,Nike Dunk Low,223
11/04/2021,Nike React Infinity Run,265
08/20/2021,Nike Air Zoom Pegasus 37,95
10/26/2022,Nike Air Max 270,203
02/22/2020,Nike Air Force 1,255
03/01/2023,Nike Air Max 97,167
09/17/2023,Nike Blazer Mid 77,126
05/31/2023,Nike ZoomX Vaporfly NEXT%,144
08/14/2021,Nike Blazer Mid 77,174
07/08/2022,Nike Air Max 95,90
03/13/2021,Nike Air Max 97,118
10/18/2021,Nike React Infinity Run,204
05/30/2020,Nike Air Zoom Pegasus 37,106
07/05/2023,Nike Air Max 95,92
01/05/2022,Nike Air Max 270,95
06/30/2022,Nike ZoomX Vaporfly NEXT%,291
09/03/2023,Nike Air Zoom Pegasus 37,161
03/17/2020,Nike Air Max 270,125
08/28/2020,Nike Air Zoom Pegasus 37,248
05/01/2023,Nike React Infinity Run,192
09/22/2022,Nike Air Max 95,266
07/19/2021,Nike ZoomX Vaporfly NEXT%,155
02/13/2020,Nike ZoomX Vaporfly NEXT%,158
08/29/2022,Nike Air Max 97,110
11/15/2021,Nike Air Max 97,159
12/15/2022,Nike Air Max 90,113
04/21/2022,Nike Air Max 270,285
10/01/2020,Nike Blazer Mid 77,109
05/31/2021,Nike Blazer Mid 77,206
11/25/2021,Nike Blazer Mid 77,218
07/04/2020,Nike Air Max 97,111
05/27/2020,Nike Air Force 1,243
05/29/2021,Nike Air Max 90,118
01/29/2023,Nike Air Zoom Pegasus 37,117
09/07/2023,Nike Air Max 95,241
11/10/2023,Nike Air Max 90,219
03/20/2022,Nike Air Force 1,84
08/10/2021,Nike Air Max 95,271
02/19/2021,Nike Air Max 270,276
05/05/2022,Nike Air Max 270,109
05/31/2020,Nike Air Force 1,116
09/06/2023,Nike Blazer Mid 77,184
01/30/2020,Nike Air Max 90,159
04/17/2020,Nike Air Max 270,102
09/03/2022,Nike Air Zoom Pegasus 37,216
01/06/2020,Nike Blazer Mid 77,216
12/22/2020,Nike Air Force 1,278
05/14/2021,Nike Air Max 97,179
04/10/2021,Nike Blazer Mid 77,207
11/06/2022,Nike Air Max 90,266
11/21/2022,Nike React Infinity Run,108
11/09/2023,Nike Air Force 1,188
09/30/2023,Nike Blazer Mid 77,172
10/13/2020,Nike Dunk Low,121
07/22/2023,Nike React Infinity Run,165
07/18/2023,Nike Air Max 90,104
01/06/2023,Nike Air Max 90,208
09/13/2020,Nike Blazer Mid 77,137
06/08/2022,Nike Air Force 1,199
10/06/2022,Nike Air Max 97,134
08/03/2020,Nike ZoomX Vaporfly NEXT%,201
05/14/2022,Nike React Infinity Run,196
02/21/2022,Nike Air Max 95,256
11/11/2021,Nike ZoomX Vaporfly NEXT%,106
12/28/2021,Nike Blazer Mid 77,136
04/30/2021,Nike Air Max 270,201
12/04/2020,Nike Air Zoom Pegasus 37,92
09/23/2023,Nike Air Max 270,190
02/20/2020,Nike Blazer Mid 77,211
01/04/2021,Nike ZoomX Vaporfly NEXT%,117
06/17/2020,Nike Air Zoom Pegasus 37,116
02/13/2023,Nike Air Force 1,249
08/21/2021,Nike Air Zoom Pegasus 37,191
05/18/2023,Nike Air Max 90,185
03/06/2022,Nike Air Max 97,194
04/02/2021,Nike Air Force 1,185
08/20/2020,Nike ZoomX Vaporfly NEXT%,187
02/17/2022,Nike Dunk Low,153
10/10/2022,Nike React Infinity Run,167
07/09/2023,Nike Air Max 97,266
11/21/2023,Nike Air Max 97,244
04/02/2021,Nike Air Zoom Pegasus 37,249
02/10/2022,Nike Air Max 90,160
05/16/2023,Nike Air Max 97,269
03/27/2023,Nike Blazer Mid 77,155
06/14/2023,Nike Air Force 1,122
08/03/2022,Nike ZoomX Vaporfly NEXT%,204
10/20/2023,Nike Air Force 1,128
02/21/2020,Nike Air Force 1,242
08/16/2022,Nike Air Max 90,299
09/03/2021,Nike Air Max 270,299
09/24/2021,Nike Air Max 90,200
06/26/2022,Nike Dunk Low,112
09/30/2022,Nike ZoomX Vaporfly NEXT%,264
02/06/2022,Nike React Infinity Run,98
01/08/2023,Nike React Infinity Run,210
07/24/2021,Nike ZoomX Vaporfly NEXT%,262
12/03/2023,Nike Air Zoom Pegasus 37,247
12/21/2020,Nike Dunk Low,168
01/05/2022,Nike Dunk Low,281
03/28/2021,Nike Blazer Mid 77,133
10/13/2021,Nike Air Zoom Pegasus 37,291
12/06/2020,Nike ZoomX Vaporfly NEXT%,89
02/16/2022,Nike Air Force 1,178
12/08/2023,Nike Dunk Low,198
08/27/2023,Nike Air Max 90,177
07/09/2021,Nike Blazer Mid 77,176
02/14/2021,Nike Air Max 270,192
07/28/2022,Nike Air Max 97,137
03/15/2020,Nike Blazer Mid 77,288
11/20/2023,Nike Air Max 97,225
05/26/2020,Nike Air Max 95,199
11/18/2021,Nike Air Max 270,130
07/29/2020,Nike Air Max 270,299
12/29/2022,Nike Blazer Mid 77,238
03/17/2022,Nike Blazer Mid 77,291
11/30/2022,Nike Air Max 90,172
05/06/2022,Nike Air Zoom Pegasus 37,223
04/11/2020,Nike Air Max 90,169
02/17/2021,Nike Dunk Low,147
02/27/2021,Nike Air Zoom Pegasus 37,166
06/26/2021,Nike Air Max 270,137
07/05/2022,Nike Blazer Mid 77,268
05/20/2020,Nike Air Max 97,93
05/13/2020,Nike Dunk Low,233
04/24/2022,Nike Air Zoom Pegasus 37,127
10/11/2020,Nike Air Zoom Pegasus 37,119
11/25/2022,Nike Air Max 97,199
07/12/2021,Nike ZoomX Vaporfly NEXT%,129
07/12/2023,Nike React Infinity Run,227
04/30/2020,Nike Air Zoom Pegasus 37,210
01/27/2022,Nike Air Max 270,265
10/08/2023,Nike Dunk Low,82
01/12/2023,Nike Air Zoom Pegasus 37,227
11/08/2022,Nike React Infinity Run,188
10/05/2020,Nike Air Zoom Pegasus 37,118
09/02/2023,Nike Air Max 270,247
02/03/2020,Nike Air Max 270,276
05/11/2023,Nike Air Max 90,298
01/14/2021,Nike Air Zoom Pegasus 37,175
02/02/2023,Nike ZoomX Vaporfly NEXT%,171
01/01/2022,Nike Air Max 97,159
04/26/2020,Nike React Infinity Run,121
04/02/2020,Nike Air Max 270,199
08/21/2022,Nike Air Zoom Pegasus 37,101
06/01/2022,Nike ZoomX Vaporfly NEXT%,299
06/04/2022,Nike Air Max 90,295
01/20/2021,Nike Air Zoom Pegasus 37,286
07/15/2022,Nike React Infinity Run,189
08/15/2023,Nike Air Max 270,90
12/06/2023,Nike Dunk Low,298
07/27/2022,Nike Air Max 270,238
01/09/2020,Nike Blazer Mid 77,111
02/07/2023,Nike Dunk Low,113
07/13/2022,Nike React Infinity Run,114
07/20/2023,Nike React Infinity Run,151
03/18/2020,Nike Blazer Mid 77,215
08/30/2023,Nike Air Max 95,140
11/10/2023,Nike Dunk Low,264
11/03/2023,Nike Blazer Mid 77,180
01/14/2020,Nike Air Force 1,215
05/25/2022,Nike React Infinity Run,265
11/01/2023,Nike Air Max 95,194
11/12/2020,Nike Air Max 270,238
05/18/2022,Nike React Infinity Run,96
08/10/2023,Nike ZoomX Vaporfly NEXT%,206
12/28/2020,Nike Air Max 97,168
10/13/2020,Nike Air Max 90,172
10/27/2023,Nike Air Max 95,151
08/02/2021,Nike Air Max 97,183
03/20/2020,Nike Air Max 97,271
08/20/2021,Nike Air Max 270,124
12/29/2021,Nike Air Force 1,205
03/30/2022,Nike ZoomX Vaporfly NEXT%,297
10/12/2021,Nike ZoomX Vaporfly NEXT%,97
08/29/2021,Nike Air Zoom Pegasus 37,198
11/26/2020,Nike Air Max 97,277
05/27/2020,Nike ZoomX Vaporfly NEXT%,112
07/11/2020,Nike React Infinity Run,93
04/05/2021,Nike ZoomX Vaporfly NEXT%,273
10/27/2020,Nike Blazer Mid 77,162
01/08/2022,Nike ZoomX Vaporfly NEXT%,103
05/16/2020,Nike Air Max 270,179
08/19/2021,Nike Air Max 270,113
09/28/2021,Nike Air Force 1,160
10/08/2020,Nike Dunk Low,292
08/16/2023,Nike Air Max 270,128
04/29/2020,Nike Air Force 1,90
07/30/2023,Nike Dunk Low,274
05/24/2020,Nike ZoomX Vaporfly NEXT%,134
02/20/2023,Nike Air Max 90,201
05/19/2023,Nike Blazer Mid 77,129
03/07/2023,Nike Blazer Mid 77,81
04/30/2023,Nike Blazer Mid 77,140
10/26/2022,Nike Air Max 97,150
04/14/2021,Nike ZoomX Vaporfly NEXT%,221
12/26/2021,Nike Air Max 97,100
12/01/2020,Nike ZoomX Vaporfly NEXT%,295
04/01/2022,Nike Air Zoom Pegasus 37,280
06/22/2021,Nike Blazer Mid 77,145
03/03/2022,Nike Air Zoom Pegasus 37,93
02/22/2022,Nike Blazer Mid 77,123
01/01/2022,Nike Air Max 97,271
10/13/2022,Nike Air Zoom Pegasus 37,177
11/14/2022,Nike React Infinity Run,111
05/15/2021,Nike Air Force 1,266
12/24/2022,Nike Dunk Low,284
11/12/2023,Nike React Infinity Run,233
12/18/2023,Nike Air Max 270,234
08/14/2021,Nike Air Max 97,300
10/26/2021,Nike ZoomX Vaporfly NEXT%,276
01/22/2021,Nike ZoomX Vaporfly NEXT%,226
09/13/2022,Nike ZoomX Vaporfly NEXT%,172
08/04/2020,Nike Air Max 270,97
09/01/2021,Nike Dunk Low,235
10/03/2023,Nike Air Zoom Pegasus 37,146
12/02/2023,Nike ZoomX Vaporfly NEXT%,270
02/28/2020,Nike Air Max 90,96
09/17/2021,Nike Air Max 97,226
06/25/2021,Nike ZoomX Vaporfly NEXT%,106
08/22/2020,Nike Air Force 1,282
11/23/2021,Nike Air Zoom Pegasus 37,81
11/22/2022,Nike Air Max 90,104
10/21/2023,Nike ZoomX Vaporfly NEXT%,241
05/17/2020,Nike Blazer Mid 77,138
01/27/2021,Nike Air Max 95,298
12/29/2021,Nike Air Max 97,298
11/26/2022,Nike Air Zoom Pegasus 37,113
03/04/2022,Nike Blazer Mid 77,241
02/28/2021,Nike Dunk Low,160
05/05/2020,Nike Air Force 1,113
02/24/2023,Nike React Infinity Run,248
11/28/2020,Nike Air Max 95,131
09/08/2021,Nike Air Force 1,179
12/01/2022,Nike Air Max 95,266
07/02/2020,Nike Air Max 90,289
11/08/2021,Nike Air Max 97,270
02/08/2023,Nike Air Max 90,279
04/25/2021,Nike Air Max 97,134
04/24/2022,Nike Air Force 1,226
04/15/2023,Nike React Infinity Run,159
08/15/2021,Nike Air Zoom Pegasus 37,251
08/25/2022,Nike ZoomX Vaporfly NEXT%,277
11/13/2020,Nike Air Max 90,166
07/19/2022,Nike Air Max 270,299
05/05/2021,Nike Air Zoom Pegasus 37,189
01/05/2021,Nike Air Force 1,193
09/30/2021,Nike Air Max 95,165
02/01/2021,Nike Air Max 97,243
03/26/2022,Nike ZoomX Vaporfly NEXT%,201
07/01/2020,Nike Air Max 90,176
03/03/2022,Nike Air Zoom Pegasus 37,222
11/29/2023,Nike Air Max 97,107
03/24/2020,Nike Air Zoom Pegasus 37,243
12/26/2022,Nike ZoomX Vaporfly NEXT%,105
07/28/2022,Nike Blazer Mid 77,140
02/22/2023,Nike Air Max 95,132
11/29/2022,Nike Air Force 1,203
07/16/2023,Nike ZoomX Vaporfly NEXT%,82
06/19/2022,Nike Blazer Mid 77,214
12/29/2023,Nike Air Force 1,235
12/22/2021,Nike Air Zoom Pegasus 37,124
06/28/2023,Nike Air Zoom Pegasus 37,199
04/24/2020,Nike Air Max 97,139
02/24/2022,Nike Air Max 90,110
09/20/2020,Nike ZoomX Vaporfly NEXT%,129
01/11/2021,Nike Air Max 270,210
10/02/2020,Nike Dunk Low,185
08/18/2020,Nike Air Max 95,236
09/30/2021,Nike Dunk Low,233
03/23/2023,Nike React Infinity Run,99
08/31/2021,Nike Blazer Mid 77,254
05/20/2022,Nike Dunk Low,129
12/12/2023,Nike Dunk Low,276
07/24/2023,Nike Air Max 90,103
03/03/2022,Nike Air Max 270,195
12/01/2021,Nike React Infinity Run,135
06/07/2023,Nike React Infinity Run,98
03/28/2021,Nike Air Zoom Pegasus 37,293
04/12/2023,Nike React Infinity Run,171
05/05/2021,Nike Dunk Low,264
01/28/2021,Nike Air Max 95,210
01/01/2020,Nike React Infinity Run,97
10/19/2021,Nike Air Max 95,98
12/09/2020,Nike Air Max 97,248
07/24/2023,Nike Dunk Low,102
06/12/2020,Nike ZoomX Vaporfly NEXT%,296
02/13/2020,Nike ZoomX Vaporfly NEXT%,107
08/21/2021,Nike Blazer Mid 77,113
11/04/2022,Nike React Infinity Run,220
06/16/2023,Nike Air Zoom Pegasus 37,198
02/04/2023,Nike Air Max 97,230
04/20/2023,Nike Air Zoom Pegasus 37,102
12/22/2021,Nike Air Max 95,238
03/18/2021,Nike Air Max 95,169
05/04/2023,Nike Air Max 95,84
02/05/2021,Nike Air Zoom Pegasus 37,110
05/01/2023,Nike React Infinity Run,169
03/26/2022,Nike Air Max 270,218
06/08/2022,Nike ZoomX Vaporfly NEXT%,196
11/25/2020,Nike React Infinity Run,230
11/12/2021,Nike React Infinity Run,191
12/08/2022,Nike ZoomX Vaporfly NEXT%,132
06/18/2023,Nike Air Max 90,187
12/04/2022,Nike Blazer Mid 77,107
07/18/2020,Nike Dunk Low,225
09/08/2023,Nike Air Max 95,228
06/07/2021,Nike Air Max 270,91
01/22/2023,Nike Air Max 97,235
09/27/2022,Nike Air Max 90,117
09/16/2020,Nike Dunk Low,193
03/11/2022,Nike Blazer Mid 77,182
02/03/2022,Nike Air Force 1,124
03/03/2022,Nike Air Max 97,134
03/27/2020,Nike Air Max 90,244
11/28/2023,Nike Air Max 90,142
02/07/2022,Nike Air Max 97,271
10/04/2020,Nike Air Max 90,198
12/30/2020,Nike Air Max 97,167
09/25/2020,Nike Air Max 95,212
08/19/2022,Nike ZoomX Vaporfly NEXT%,178
04/19/2020,Nike Air Max 90,155
08/17/2022,Nike Air Max 90,154
09/19/2020,Nike Dunk Low,170
06/01/2020,Nike Dunk Low,138
02/09/2021,Nike Air Max 97,123
07/17/2020,Nike React Infinity Run,161
04/13/2023,Nike Air Max 97,288
02/01/2022,Nike Dunk Low,197
03/31/2020,Nike Air Max 90,201
01/25/2022,Nike React Infinity Run,212
09/22/2021,Nike React Infinity Run,141
07/28/2023,Nike React Infinity Run,112
09/08/2020,Nike Air Force 1,147
04/20/2023,Nike ZoomX Vaporfly NEXT%,181
05/04/2023,Nike React Infinity Run,199
01/24/2022,Nike Air Max 90,245
03/27/2020,Nike ZoomX Vaporfly NEXT%,198
06/28/2021,Nike Air Max 90,131
11/06/2022,Nike ZoomX Vaporfly NEXT%,207
07/26/2021,Nike Air Zoom Pegasus 37,145
08/11/2021,Nike Air Force 1,145
08/13/2020,Nike Air Max 97,184
04/12/2021,Nike Air Max 90,178
06/27/2020,Nike Air Max 270,190
05/09/2021,Nike Air Max 90,133
01/25/2023,Nike Air Max 95,242
08/16/2023,Nike ZoomX Vaporfly NEXT%,251
12/20/2023,Nike ZoomX Vaporfly NEXT%,220
11/06/2023,Nike Air Zoom Pegasus 37,142
04/25/2021,Nike Air Max 97,274
09/16/2021,Nike Air Zoom Pegasus 37,135
07/22/2020,Nike ZoomX Vaporfly NEXT%,133
01/31/2020,Nike Air Zoom Pegasus 37,112
08/14/2023,Nike Air Force 1,124
06/13/2020,Nike Air Max 90,271
04/14/2021,Nike Dunk Low,232
08/03/2022,Nike ZoomX Vaporfly NEXT%,175
04/27/2020,Nike Air Max 90,229
10/10/2022,Nike Blazer Mid 77,167
07/03/2023,Nike Air Zoom Pegasus 37,177
05/11/2022,Nike Air Max 97,148
02/01/2020,Nike Air Max 95,159
07/12/2023,Nike React Infinity Run,283
03/01/2021,Nike Air Max 97,236
10/27/2022,Nike Air Max 270,157
03/07/2023,Nike Air Force 1,145
09/09/2023,Nike Dunk Low,258
12/17/2022,Nike ZoomX Vaporfly NEXT%,241
11/09/2022,Nike React Infinity Run,91
08/17/2023,Nike Air Max 270,201
03/09/2023,Nike Blazer Mid 77,185
12/23/2021,Nike Blazer Mid 77,154
08/07/2021,Nike Air Max 90,83
07/30/2020,Nike Air Max 97,103
03/01/2023,Nike Air Zoom Pegasus 37,136
04/26/2020,Nike Dunk Low,102
11/28/2023,Nike ZoomX Vaporfly NEXT%,264
05/30/2022,Nike Air Force 1,199
11/15/2023,Nike Air Max 90,268
11/28/2022,Nike Blazer Mid 77,89
06/25/2021,Nike React Infinity Run,297
01/26/2020,Nike Air Max 270,227
03/15/2021,Nike React Infinity Run,99
10/23/2020,Nike Air Max 90,290
01/31/2023,Nike Dunk Low,275
11/17/2021,Nike Blazer Mid 77,284
06/12/2021,Nike Dunk Low,230
12/31/2023,Nike ZoomX Vaporfly NEXT%,229
03/24/2023,Nike Air Force 1,169
11/05/2023,Nike Air Max 97,221
03/18/2022,Nike Air Force 1,183
09/16/2023,Nike React Infinity Run,296
11/24/2020,Nike ZoomX Vaporfly NEXT%,130
10/20/2023,Nike Air Max 90,241
06/17/2020,Nike Air Max 95,290
09/06/2021,Nike Air Force 1,211
03/08/2020,Nike React Infinity Run,122
08/08/2020,Nike ZoomX Vaporfly NEXT%,280
11/14/2020,Nike Air Force 1,226
07/19/2023,Nike Air Force 1,142
11/03/2022,Nike Dunk Low,246
02/26/2020,Nike Air Max 97,151
03/26/2020,Nike React Infinity Run,201
11/13/2023,Nike Dunk Low,180
02/28/2022,Nike Blazer Mid 77,163
10/22/2023,Nike Air Max 97,166
04/04/2020,Nike Air Max 270,186
10/22/2022,Nike Air Force 1,126
10/31/2023,Nike React Infinity Run,96
02/16/2023,Nike Air Zoom Pegasus 37,164
05/06/2020,Nike Air Max 95,82
10/17/2022,Nike ZoomX Vaporfly NEXT%,234
01/28/2020,Nike Air Max 95,292
11/28/2021,Nike ZoomX Vaporfly NEXT%,206
12/14/2023,Nike React Infinity Run,195
08/03/2020,Nike ZoomX Vaporfly NEXT%,98
12/12/2020,Nike Air Zoom Pegasus 37,271
09/16/2022,Nike Air Force 1,149
11/18/2023,Nike Air Force 1,92
01/09/2021,Nike Dunk Low,103
03/24/2021,Nike Air Max 270,138
10/27/2020,Nike Air Max 90,300
05/23/2021,Nike ZoomX Vaporfly NEXT%,199
09/11/2021,Nike Air Max 270,274
06/01/2020,Nike Dunk Low,276
07/03/2021,Nike Air Force 1,176
12/13/2021,Nike Blazer Mid 77,86
07/16/2022,Nike Air Zoom Pegasus 37,117
08/21/2023,Nike Air Max 95,155
11/11/2022,Nike Air Max 90,135
09/13/2022,Nike Blazer Mid 77,150
09/12/2021,Nike Blazer Mid 77,261
02/08/2023,Nike Dunk Low,101
09/13/2020,Nike Air Zoom Pegasus 37,129
06/23/2021,Nike Air Max 90,177
02/19/2022,Nike React Infinity Run,161
01/28/2020,Nike ZoomX Vaporfly NEXT%,149
12/31/2023,Nike React Infinity Run,284
07/29/2020,Nike Air Max 270,126
06/08/2022,Nike Air Max 270,136
10/03/2020,Nike Blazer Mid 77,124
11/01/2021,Nike Air Max 270,294
11/07/2020,Nike Blazer Mid 77,112
07/24/2022,Nike Air Max 95,192
06/19/2021,Nike Dunk Low,111
07/08/2023,Nike Air Max 90,254
08/19/2023,Nike Air Max 90,106
02/20/2023,Nike React Infinity Run,139
02/10/2023,Nike Dunk Low,124
09/20/2021,Nike Air Max 270,94
06/05/2020,Nike Blazer Mid 77,191
01/28/2020,Nike Air Zoom Pegasus 37,276
09/01/2021,Nike Air Zoom Pegasus 37,262
12/07/2020,Nike React Infinity Run,123
07/26/2022,Nike Air Max 90,104
03/07/2023,Nike Air Zoom Pegasus 37,124
12/25/2023,Nike Dunk Low,112
04/15/2023,Nike Air Zoom Pegasus 37,130
11/25/2020,Nike Air Force 1,223
03/04/2023,Nike Air Max 97,231
09/27/2021,Nike Air Max 95,193
05/22/2020,Nike Dunk Low,171
01/26/2023,Nike Air Max 95,190
11/12/2020,Nike ZoomX Vaporfly NEXT%,188
11/21/2020,Nike Air Max 90,85
03/22/2020,Nike Air Max 95,175
12/25/2023,Nike Air Zoom Pegasus 37,242
12/16/2023,Nike Air Max 90,140
04/29/2021,Nike Air Max 270,174
03/14/2020,Nike ZoomX Vaporfly NEXT%,109
09/06/2022,Nike React Infinity Run,102
11/07/2020,Nike Blazer Mid 77,133
07/12/2020,Nike Air Max 270,236
08/05/2020,Nike Blazer Mid 77,266
07/18/2022,Nike Air Max 95,266
12/06/2021,Nike Air Zoom Pegasus 37,268
02/28/2023,Nike Air Force 1,207
12/18/2021,Nike Dunk Low,183
02/02/2020,Nike Air Max 90,268
05/02/2020,Nike Air Max 270,157
03/28/2021,Nike Air Force 1,161
07/28/2022,Nike React Infinity Run,111
09/29/2020,Nike Dunk Low,83
11/22/2022,Nike Air Zoom Pegasus 37,195
10/13/2020,Nike Dunk Low,273
04/26/2021,Nike React Infinity Run,143
02/16/2021,Nike Dunk Low,204
10/11/2021,Nike Air Zoom Pegasus 37,230
04/18/2022,Nike ZoomX Vaporfly NEXT%,297
06/12/2021,Nike React Infinity Run,244
02/25/2022,Nike Air Force 1,95
10/19/2021,Nike Air Force 1,106
12/02/2022,Nike ZoomX Vaporfly NEXT%,271
04/28/2023,Nike Air Force 1,88
12/28/2020,Nike Air Max 95,247
08/08/2021,Nike Air Force 1,292
06/25/2021,Nike Air Max 90,92
10/13/2020,Nike Air Max 90,222
03/08/2022,Nike Dunk Low,198
11/06/2021,Nike Air Max 97,162
06/11/2022,Nike Air Force 1,137
04/02/2021,Nike Air Max 270,217
02/21/2021,Nike ZoomX Vaporfly NEXT%,188
10/26/2021,Nike React Infinity Run,156
01/08/2022,Nike ZoomX Vaporfly NEXT%,231
05/01/2020,Nike Air Max 95,138
06/15/2021,Nike React Infinity Run,141
01/06/2023,Nike Air Max 270,139
10/28/2023,Nike Air Max 97,205
10/16/2023,Nike Dunk Low,285
09/22/2023,Nike Blazer Mid 77,260
11/25/2020,Nike Air Max 270,172
01/12/2020,Nike Air Max 95,86
06/22/2022,Nike ZoomX Vaporfly NEXT%,176
04/05/2022,Nike Air Max 97,261
02/16/2020,Nike Air Max 90,133
10/14/2021,Nike Air Force 1,197
02/24/2022,Nike Dunk Low,190
07/08/2022,Nike ZoomX Vaporfly NEXT%,145
09/15/2022,Nike Air Max 95,167
07/29/2020,Nike Air Max 97,188
04/15/2022,Nike Blazer Mid 77,123
06/23/2020,Nike Blazer Mid 77,81
12/27/2020,Nike Air Max 97,104
12/25/2021,Nike Air Max 90,224
02/03/2020,Nike Air Max 97,284
09/30/2021,Nike Air Force 1,193
10/15/2022,Nike Air Max 270,213
04/29/2022,Nike Air Max 270,164
03/01/2023,Nike Dunk Low,128
08/20/2022,Nike ZoomX Vaporfly NEXT%,203
03/23/2020,Nike Blazer Mid 77,130
05/22/2022,Nike Blazer Mid 77,203
11/26/2020,Nike Air Max 95,140
11/08/2023,Nike Air Max 90,272
04/22/2023,Nike Air Max 90,197
09/10/2021,Nike Blazer Mid 77,204
02/12/2020,Nike React Infinity Run,129
11/05/2023,Nike Air Force 1,286
11/30/2023,Nike Air Max 97,82
12/06/2023,Nike Air Max 97,249
08/19/2022,Nike Air Max 97,192
09/25/2022,Nike Air Force 1,140
05/11/2022,Nike Air Max 270,147
10/21/2022,Nike React Infinity Run,146
06/20/2020,Nike Air Max 90,126
12/03/2023,Nike Air Max 90,231
07/02/2023,Nike Dunk Low,249
03/03/2020,Nike ZoomX Vaporfly NEXT%,127
11/25/2022,Nike Air Max 95,181
07/19/2023,Nike Air Max 97,100
12/20/2021,Nike Blazer Mid 77,292
12/14/2020,Nike Air Max 97,184
09/15/2023,Nike ZoomX Vaporfly NEXT%,162
04/16/2022,Nike Air Force 1,220
08/15/2023,Nike Air Max 95,277
09/23/2022,Nike Air Max 270,232
01/22/2021,Nike Blazer Mid 77,174
03/19/2022,Nike Dunk Low,189
10/14/2021,Nike Air Force 1,109
03/12/2023,Nike Air Max 97,292
04/08/2021,Nike Air Max 270,221
04/22/2021,Nike Air Max 270,168
06/20/2023,Nike Blazer Mid 77,280
01/22/2020,Nike React Infinity Run,298
03/10/2022,Nike React Infinity Run,290
08/31/2020,Nike Air Max 90,156
07/28/2020,Nike Dunk Low,186
11/09/2023,Nike Air Zoom Pegasus 37,274
04/25/2022,Nike Air Max 97,143
10/24/2020,Nike Air Zoom Pegasus 37,210
05/21/2023,Nike Dunk Low,115
01/21/2022,Nike Air Max 97,199
04/11/2022,Nike Dunk Low,213
04/20/2021,Nike Air Zoom Pegasus 37,132
11/12/2022,Nike Air Force 1,208
06/10/2022,Nike Air Max 95,118
07/26/2021,Nike React Infinity Run,260
08/29/2021,Nike Air Max 270,131
02/03/2023,Nike Air Max 270,83
10/10/2022,Nike Air Max 90,204
02/09/2021,Nike Air Max 90,169
06/25/2022,Nike Air Max 270,127
08/15/2020,Nike ZoomX Vaporfly NEXT%,142
09/01/2022,Nike React Infinity Run,111
07/02/2021,Nike Air Max 97,250
05/13/2022,Nike Air Zoom Pegasus 37,188
10/23/2020,Nike Air Force 1,242
01/04/2023,Nike Air Force 1,195
07/25/2021,Nike Air Max 90,84
07/12/2022,Nike Air Force 1,185
03/04/2020,Nike Blazer Mid 77,149
09/29/2023,Nike Air Force 1,103
12/24/2022,Nike Air Max 90,146
08/01/2022,Nike Air Max 270,196
06/10/2022,Nike Air Max 95,165
05/15/2020,Nike Air Zoom Pegasus 37,86
09/11/2020,Nike Air Max 270,149
05/07/2020,Nike Air Max 95,189
04/14/2021,Nike Air Zoom Pegasus 37,202
03/13/2022,Nike Dunk Low,244
05/21/2020,Nike Dunk Low,267
09/04/2020,Nike Dunk Low,199
01/25/2020,Nike Air Force 1,203
08/01/2021,Nike ZoomX Vaporfly NEXT%,141
07/19/2020,Nike Dunk Low,103
01/15/2022,Nike Air Max 97,93
09/12/2022,Nike Air Zoom Pegasus 37,152
03/26/2020,Nike Dunk Low,166
02/15/2021,Nike Dunk Low,98
01/14/2022,Nike React Infinity Run,85
04/28/2021,Nike Air Force 1,135
06/14/2020,Nike Air Max 95,241
08/25/2020,Nike ZoomX Vaporfly NEXT%,113
11/04/2023,Nike Air Max 97,203
03/02/2023,Nike Air Max 95,155
03/11/2022,Nike Air Zoom Pegasus 37,158
01/17/2021,Nike Air Force 1,231
03/01/2020,Nike Air Max 95,157
01/23/2020,Nike React Infinity Run,95
12/20/2023,Nike Blazer Mid 77,120
04/05/2023,Nike ZoomX Vaporfly NEXT%,89
03/27/2022,Nike Air Force 1,286
08/21/2021,Nike Air Force 1,127
06/02/2023,Nike Air Max 270,255
06/11/2020,Nike Air Max 97,296
12/14/2020,Nike Air Max 97,259
04/10/2021,Nike Air Max 90,146
08/27/2021,Nike Air Max 95,252
12/24/2021,Nike Air Zoom Pegasus 37,182
08/18/2020,Nike Air Force 1,94
06/20/2023,Nike Air Max 270,263
07/16/2023,Nike Blazer Mid 77,141
05/23/2020,Nike Air Max 270,169
07/09/2021,Nike Blazer Mid 77,135
08/15/2021,Nike Air Zoom Pegasus 37,257
09/04/2020,Nike React Infinity Run,135
01/15/2021,Nike Dunk Low,166
08/18/2021,Nike Air Force 1,149
09/21/2020,Nike Blazer Mid 77,252
07/07/2023,Nike Air Force 1,166
10/09/2022,Nike Dunk Low,164
12/07/2020,Nike React Infinity Run,111
01/21/2020,Nike Dunk Low,246
07/16/2020,Nike ZoomX Vaporfly NEXT%,112
01/12/2022,Nike Dunk Low,265
03/21/2020,Nike Air Max 90,268
02/22/2020,Nike React Infinity Run,108
03/10/2020,Nike Air Max 270,81
08/17/2020,Nike ZoomX Vaporfly NEXT%,264
09/06/2022,Nike ZoomX Vaporfly NEXT%,173
11/07/2021,Nike ZoomX Vaporfly NEXT%,99
12/20/2023,Nike ZoomX Vaporfly NEXT%,99
11/27/2022,Nike ZoomX Vaporfly NEXT%,249
06/09/2020,Nike Air Max 97,271
09/07/2021,Nike Air Max 270,182
09/26/2020,Nike ZoomX Vaporfly NEXT%,95
09/09/2020,Nike ZoomX Vaporfly NEXT%,176
01/26/2022,Nike Air Max 90,272
01/25/2022,Nike ZoomX Vaporfly NEXT%,114
03/24/2021,Nike Air Force 1,195
06/20/2020,Nike Air Max 97,99
04/30/2022,Nike Air Zoom Pegasus 37,249
10/04/2021,Nike Air Max 95,114
01/28/2020,Nike Air Max 270,192
12/01/2022,Nike Air Zoom Pegasus 37,246
09/09/2020,Nike Air Max 90,227
10/29/2023,Nike React Infinity Run,176
12/29/2020,Nike Air Force 1,197
11/18/2021,Nike Air Max 95,130
05/07/2020,Nike Air Zoom Pegasus 37,266
09/12/2021,Nike Air Zoom Pegasus 37,245
12/02/2020,Nike Dunk Low,234
01/19/2023,Nike Air Zoom Pegasus 37,123
05/26/2020,Nike Air Force 1,149
03/15/2022,Nike ZoomX Vaporfly NEXT%,262
04/02/2023,Nike Air Zoom Pegasus 37,169
01/23/2023,Nike Air Max 97,224
04/19/2023,Nike ZoomX Vaporfly NEXT%,187
03/05/2021,Nike Dunk Low,152
08/25/2020,Nike Air Force 1,251
06/16/2023,Nike Air Max 90,108
06/25/2023,Nike Air Max 90,266
10/06/2023,Nike React Infinity Run,293
08/24/2023,Nike Air Max 97,267
10/23/2023,Nike React Infinity Run,255
08/29/2020,Nike Dunk Low,131
10/31/2020,Nike Air Zoom Pegasus 37,281
04/10/2023,Nike Air Max 270,91
06/12/2021,Nike ZoomX Vaporfly NEXT%,239
07/04/2021,Nike React Infinity Run,108
05/09/2020,Nike Air Max 270,164
06/23/2022,Nike ZoomX Vaporfly NEXT%,105
12/17/2022,Nike ZoomX Vaporfly NEXT%,253
02/06/2020,Nike Air Max 270,110
01/16/2020,Nike ZoomX Vaporfly NEXT%,105
02/18/2020,Nike Air Force 1,208
11/01/2021,Nike Air Max 90,150
05/09/2020,Nike Air Max 97,174
04/25/2021,Nike Dunk Low,212
09/26/2021,Nike Air Zoom Pegasus 37,288
01/15/2022,Nike Air Max 90,172
10/29/2022,Nike Air Force 1,105
04/23/2020,Nike React Infinity Run,137
05/02/2020,Nike Dunk Low,152
11/24/2022,Nike Dunk Low,288
11/25/2022,Nike Air Zoom Pegasus 37,223
04/22/2021,Nike Air Max 95,176
09/26/2022,Nike React Infinity Run,213
10/28/2021,Nike Air Max 90,150
04/03/2023,Nike Air Max 95,181
11/08/2022,Nike Air Force 1,145
06/11/2022,Nike Blazer Mid 77,251
11/24/2023,Nike Air Max 90,221
06/05/2023,Nike Air Max 97,92
06/21/2020,Nike Air Force 1,264
11/14/2023,Nike Air Max 97,97
09/23/2022,Nike Air Zoom Pegasus 37,257
12/05/2020,Nike Air Max 95,240
06/21/2022,Nike React Infinity Run,166
06/27/2021,Nike Air Max 90,91
12/23/2022,Nike Air Force 1,96
03/01/2022,Nike React Infinity Run,205
07/17/2022,Nike Air Max 97,186
08/08/2020,Nike ZoomX Vaporfly NEXT%,183
08/03/2023,Nike Blazer Mid 77,145
05/31/2020,Nike Air Max 90,210
09/27/2020,Nike Air Max 97,99
11/06/2021,Nike Air Force 1,81
07/26/2020,Nike Air Max 95,255
06/14/2022,Nike Blazer Mid 77,279
01/11/2021,Nike Air Max 270,145
12/30/2020,Nike Air Zoom Pegasus 37,181
12/24/2021,Nike Air Max 95,287
11/23/2020,Nike Blazer Mid 77,290
08/09/2022,Nike Dunk Low,156
06/25/2022,Nike Air Force 1,268
12/23/2021,Nike ZoomX Vaporfly NEXT%,238
09/23/2020,Nike Air Max 97,123
08/22/2021,Nike Blazer Mid 77,97
01/06/2022,Nike ZoomX Vaporfly NEXT%,132
12/27/2023,Nike Air Max 90,275
05/12/2023,Nike Air Max 270,208
09/29/2020,Nike Air Max 270,293
12/18/2022,Nike Air Force 1,104
04/23/2022,Nike Air Zoom Pegasus 37,133
06/02/2022,Nike Dunk Low,148
10/06/2021,Nike React Infinity Run,255
08/25/2021,Nike Air Force 1,165
02/06/2021,Nike Air Force 1,192
01/28/2020,Nike React Infinity Run,84
01/07/2021,Nike Air Max 97,153
08/19/2021,Nike Air Max 270,238
05/17/2022,Nike React Infinity Run,192
12/16/2022,Nike Air Max 97,209
03/28/2021,Nike Air Zoom Pegasus 37,149
09/04/2021,Nike Air Max 90,137
01/15/2023,Nike Air Max 90,288
02/17/2020,Nike Air Zoom Pegasus 37,130
07/21/2023,Nike Air Force 1,114
04/30/2022,Nike Air Max 95,129
11/05/2023,Nike React Infinity Run,171
11/03/2021,Nike Air Max 270,255
07/21/2022,Nike Air Zoom Pegasus 37,211
11/13/2021,Nike Air Max 90,87
05/08/2023,Nike Blazer Mid 77,152
08/22/2020,Nike Air Max 97,272
02/13/2020,Nike Dunk Low,103
03/20/2020,Nike Air Zoom Pegasus 37,133
02/21/2021,Nike Air Max 95,168
04/20/2022,Nike React Infinity Run,279
11/17/2021,Nike Air Max 97,201
12/27/2023,Nike ZoomX Vaporfly NEXT%,115
03/22/2021,Nike Air Zoom Pegasus 37,199
10/31/2023,Nike Air Force 1,218
02/02/2020,Nike Air Max 95,258
08/21/2020,Nike Air Zoom Pegasus 37,207
10/17/2022,Nike Blazer Mid 77,84
05/30/2020,Nike Dunk Low,235
08/17/2023,Nike Blazer Mid 77,182
09/14/2022,Nike Air Zoom Pegasus 37,268
09/23/2023,Nike React Infinity Run,267
09/16/2022,Nike Air Max 97,181
09/14/2023,Nike Air Max 95,154
04/06/2021,Nike Air Max 90,186
02/22/2020,Nike Air Max 95,177
05/24/2022,Nike Blazer Mid 77,240
08/22/2023,Nike Air Max 97,146
12/24/2021,Nike Air Force 1,150
06/05/2023,Nike ZoomX Vaporfly NEXT%,248
12/26/2023,Nike Air Max 97,119
08/09/2022,Nike Air Zoom Pegasus 37,260
12/31/2022,Nike Air Max 95,126
04/21/2020,Nike Air Max 95,166
02/08/2021,Nike Air Max 270,218
02/23/2020,Nike Air Max 270,274
02/23/2023,Nike Air Max 95,114
03/01/2020,Nike Air Max 95,189
06/11/2023,Nike Blazer Mid 77,203
01/09/2020,Nike ZoomX Vaporfly NEXT%,195
08/03/2021,Nike Blazer Mid 77,204
01/01/2021,Nike ZoomX Vaporfly NEXT%,244
11/11/2023,Nike Blazer Mid 77,118
06/16/2020,Nike Air Force 1,124
05/17/2021,Nike Dunk Low,300
01/21/2022,Nike Air Zoom Pegasus 37,82
05/11/2022,Nike Air Max 95,147
06/08/2023,Nike ZoomX Vaporfly NEXT%,259
05/03/2021,Nike Air Zoom Pegasus 37,287
06/07/2023,Nike Dunk Low,193
01/04/2020,Nike Air Max 95,80
05/12/2022,Nike Air Max 90,229
04/29/2021,Nike Dunk Low,213
02/10/2020,Nike Air Max 270,128
08/10/2020,Nike Air Max 90,173
02/11/2022,Nike Dunk Low,115
02/24/2022,Nike Air Force 1,163
01/22/2021,Nike Air Force 1,225
07/24/2022,Nike React Infinity Run,155
07/31/2020,Nike Air Max 95,91
02/14/2023,Nike Blazer Mid 77,101
03/28/2022,Nike Blazer Mid 77,294
05/09/2022,Nike ZoomX Vaporfly NEXT%,119
08/06/2023,Nike Air Max 90,228
03/07/2022,Nike Air Force 1,259
08/22/2021,Nike Air Zoom Pegasus 37,153
02/19/2023,Nike Air Max 97,235
05/10/2022,Nike Air Max 270,282
01/22/2022,Nike Air Force 1,151
11/01/2021,Nike Air Zoom Pegasus 37,296
11/05/2022,Nike Air Force 1,181
05/05/2022,Nike Air Max 95,168
01/11/2020,Nike Blazer Mid 77,100
07/17/2023,Nike Air Zoom Pegasus 37,193
02/17/2022,Nike Air Force 1,255
12/31/2020,Nike ZoomX Vaporfly NEXT%,292
10/11/2020,Nike ZoomX Vaporfly NEXT%,180
06/12/2020,Nike Air Max 270,198
12/28/2023,Nike Air Zoom Pegasus 37,97
05/08/2023,Nike Air Max 270,82
05/21/2020,Nike Air Max 97,293
06/07/2021,Nike Air Max 95,168
06/17/2020,Nike Air Max 95,187
11/25/2022,Nike ZoomX Vaporfly NEXT%,82
05/17/2023,Nike Dunk Low,109
08/16/2020,Nike Dunk Low,259
07/14/2021,Nike Air Max 90,180
03/19/2021,Nike Air Max 270,268
08/01/2022,Nike Air Zoom Pegasus 37,133
09/05/2020,Nike ZoomX Vaporfly NEXT%,231
02/14/2023,Nike Air Max 270,170
12/13/2021,Nike Air Max 90,221
11/08/2020,Nike Air Max 97,158
02/15/2022,Nike Air Max 95,192
05/24/2021,Nike Air Max 97,248
08/30/2023,Nike Air Max 95,247
03/27/2021,Nike Air Max 95,97
01/31/2022,Nike React Infinity Run,126
09/18/2022,Nike Air Max 90,122
12/31/2022,Nike Dunk Low,203
07/01/2021,Nike Air Max 270,196
02/17/2023,Nike Air Max 270,153
06/19/2020,Nike Blazer Mid 77,191
07/10/2023,Nike Dunk Low,296
06/17/2021,Nike Dunk Low,244
03/13/2021,Nike Air Zoom Pegasus 37,272
06/01/2020,Nike Air Max 95,289
09/15/2022,Nike Air Max 270,122
06/25/2023,Nike Air Max 95,225
04/02/2022,Nike Blazer Mid 77,161
04/29/2020,Nike Blazer Mid 77,111
12/19/2021,Nike Air Max 95,177
04/16/2020,Nike Air Max 95,269
11/27/2022,Nike Air Max 97,246
01/21/2022,Nike Air Max 97,149
02/25/2023,Nike Air Max 95,102
01/25/2021,Nike Air Force 1,268
03/09/2020,Nike Air Max 270,298
06/23/2022,Nike Blazer Mid 77,222
01/17/2022,Nike React Infinity Run,211
07/10/2021,Nike Air Zoom Pegasus 37,230
11/11/2021,Nike Air Max 90,147
10/18/2021,Nike Air Force 1,252
03/24/2021,Nike Air Force 1,151
01/12/2020,Nike Air Zoom Pegasus 37,264
07/25/2022,Nike Air Max 97,275
11/22/2022,Nike Air Zoom Pegasus 37,276
11/21/2020,Nike Blazer Mid 77,175
12/11/2022,Nike Air Zoom Pegasus 37,113
07/15/2020,Nike Air Force 1,213
05/20/2022,Nike Air Zoom Pegasus 37,274
08/05/2021,Nike Air Max 270,211
05/14/2022,Nike Air Max 270,179
02/22/2023,Nike Air Max 90,116
04/06/2022,Nike Air Zoom Pegasus 37,258
08/25/2023,Nike Blazer Mid 77,106
09/29/2021,Nike Air Max 90,231
10/24/2022,Nike ZoomX Vaporfly NEXT%,280
03/03/2020,Nike Air Zoom Pegasus 37,144
12/21/2021,Nike Blazer Mid 77,103
09/08/2021,Nike Air Max 90,115
07/10/2022,Nike Air Max 90,105
07/10/2022,Nike ZoomX Vaporfly NEXT%,182
08/11/2023,Nike Dunk Low,111
07/28/2022,Nike Air Max 90,270
07/29/2020,Nike Air Max 90,242
04/18/2023,Nike Air Max 95,201
12/16/2020,Nike Dunk Low,202
02/22/2023,Nike Dunk Low,182
09/01/2023,Nike Dunk Low,269
10/23/2020,Nike React Infinity Run,100
01/14/2020,Nike Air Max 95,187
06/03/2022,Nike Air Max 90,285
01/02/2020,Nike Air Max 97,106
04/25/2020,Nike ZoomX Vaporfly NEXT%,258
08/06/2022,Nike Air Max 97,193
11/30/2022,Nike ZoomX Vaporfly NEXT%,224
09/17/2021,Nike Air Max 95,200
05/28/2023,Nike React Infinity Run,95
03/22/2020,Nike Dunk Low,183
08/19/2020,Nike ZoomX Vaporfly NEXT%,204
06/20/2022,Nike ZoomX Vaporfly NEXT%,101
11/11/2023,Nike Air Max 270,202
10/16/2020,Nike Air Force 1,194
04/20/2020,Nike ZoomX Vaporfly NEXT%,259
07/14/2023,Nike React Infinity Run,185
05/01/2022,Nike Blazer Mid 77,259
05/10/2022,Nike Dunk Low,96
04/30/2023,Nike Dunk Low,229
08/28/2023,Nike Air Force 1,142
05/23/2022,Nike ZoomX Vaporfly NEXT%,277
05/31/2021,Nike Air Zoom Pegasus 37,268
07/22/2022,Nike Blazer Mid 77,182
11/20/2022,Nike Air Max 97,134
08/28/2020,Nike Air Max 97,85
01/12/2021,Nike Air Force 1,214
04/27/2021,Nike Air Max 270,238
03/13/2021,Nike Air Max 95,145
01/29/2022,Nike React Infinity Run,223
12/18/2023,Nike Air Force 1,106
03/13/2022,Nike React Infinity Run,97
04/20/2023,Nike Air Max 97,85
01/23/2021,Nike Air Max 270,195
02/16/2023,Nike ZoomX Vaporfly NEXT%,95
09/09/2022,Nike ZoomX Vaporfly NEXT%,153
04/29/2023,Nike Blazer Mid 77,265
08/15/2020,Nike Air Zoom Pegasus 37,278
11/14/2022,Nike Dunk Low,261
10/13/2020,Nike Air Zoom Pegasus 37,142
09/29/2020,Nike Air Max 97,258
06/05/2021,Nike Air Zoom Pegasus 37,118
08/10/2021,Nike Blazer Mid 77,272
08/19/2023,Nike Air Force 1,276
07/31/2022,Nike Air Force 1,265
09/10/2021,Nike Air Max 90,280
02/03/2023,Nike Air Max 95,143
11/19/2021,Nike React Infinity Run,248
01/08/2021,Nike Dunk Low,120
02/18/2022,Nike Dunk Low,240
04/20/2023,Nike ZoomX Vaporfly NEXT%,107
08/31/2022,Nike Air Force 1,265
09/21/2023,Nike Air Force 1,223
10/31/2021,Nike Air Zoom Pegasus 37,193
07/25/2021,Nike Blazer Mid 77,97
10/05/2021,Nike Blazer Mid 77,185
06/07/2023,Nike Air Force 1,97
12/04/2023,Nike Blazer Mid 77,93
06/30/2023,Nike ZoomX Vaporfly NEXT%,216
12/14/2023,Nike Air Max 97,123
06/22/2023,Nike React Infinity Run,173
12/01/2023,Nike ZoomX Vaporfly NEXT%,142
06/17/2020,Nike Air Force 1,292
04/04/2021,Nike Air Max 95,154
05/11/2022,Nike Blazer Mid 77,273
07/24/2021,Nike Air Zoom Pegasus 37,209
04/21/2023,Nike Air Max 90,142
08/21/2021,Nike Dunk Low,115
12/04/2023,Nike Air Max 90,174
03/30/2020,Nike Air Zoom Pegasus 37,135
04/26/2021,Nike Air Max 95,171
12/21/2023,Nike Air Zoom Pegasus 37,237
12/21/2023,Nike Air Zoom Pegasus 37,296
05/28/2022,Nike ZoomX Vaporfly NEXT%,175
02/13/2022,Nike React Infinity Run,199
09/11/2021,Nike Air Max 95,208
08/28/2022,Nike Air Max 90,202
09/21/2022,Nike Air Max 90,175
12/23/2020,Nike ZoomX Vaporfly NEXT%,113
04/03/2021,Nike Air Force 1,185
05/13/2022,Nike Air Max 90,123
05/24/2020,Nike React Infinity Run,265
03/31/2023,Nike Air Max 270,196
03/27/2022,Nike Blazer Mid 77,93
12/24/2022,Nike Air Max 270,157
09/24/2020,Nike ZoomX Vaporfly NEXT%,146
05/23/2021,Nike Air Zoom Pegasus 37,162
05/15/2022,Nike Air Max 90,125
01/07/2021,Nike Air Max 95,220
01/23/2022,Nike Dunk Low,131
10/14/2023,Nike ZoomX Vaporfly NEXT%,84
11/22/2021,Nike Blazer Mid 77,127
06/14/2022,Nike Dunk Low,102
11/23/2022,Nike Air Max 97,274
05/14/2023,Nike Air Max 270,106
12/12/2023,Nike Air Max 90,119
07/01/2020,Nike Air Zoom Pegasus 37,116
03/09/2022,Nike Blazer Mid 77,154
05/20/2022,Nike Air Max 270,142
07/20/2022,Nike Dunk Low,299
06/09/2021,Nike Air Max 95,124
10/21/2020,Nike Air Max 97,215
11/27/2022,Nike Air Max 270,227
12/02/2020,Nike ZoomX Vaporfly NEXT%,236
06/08/2023,Nike Air Max 95,275
07/30/2020,Nike React Infinity Run,226
03/29/2023,Nike Blazer Mid 77,160
09/12/2023,Nike Air Force 1,252
09/03/2023,Nike Air Force 1,269
04/04/2020,Nike Air Force 1,98
06/11/2022,Nike Air Zoom Pegasus 37,125
06/21/2021,Nike Dunk Low,238
11/16/2022,Nike Air Max 95,189
02/22/2023,Nike Air Max 90,260
11/18/2022,Nike Air Max 90,287
07/04/2021,Nike Air Zoom Pegasus 37,257
06/14/2020,Nike React Infinity Run,285
04/29/2021,Nike Air Force 1,265
12/02/2020,Nike React Infinity Run,232
03/04/2021,Nike Air Max 270,296
07/08/2023,Nike ZoomX Vaporfly NEXT%,233
12/29/2021,Nike Air Max 270,143
03/02/2021,Nike Air Max 90,104
06/22/2023,Nike Air Max 95,237
09/28/2022,Nike Air Zoom Pegasus 37,152
08/21/2020,Nike Blazer Mid 77,112
02/09/2021,Nike Air Max 90,121
04/21/2023,Nike React Infinity Run,171
05/21/2021,Nike Air Max 270,166
05/17/2022,Nike Air Max 95,116
05/20/2022,Nike React Infinity Run,300
09/02/2020,Nike Air Max 90,94
09/27/2021,Nike Air Zoom Pegasus 37,294
02/23/2021,Nike ZoomX Vaporfly NEXT%,262
11/08/2022,Nike Air Max 270,273
05/25/2022,Nike ZoomX Vaporfly NEXT%,128
10/26/2020,Nike ZoomX Vaporfly NEXT%,274
04/29/2023,Nike Air Force 1,151
02/01/2021,Nike Blazer Mid 77,204
05/02/2023,Nike Blazer Mid 77,173
01/25/2023,Nike ZoomX Vaporfly NEXT%,248
01/24/2020,Nike Air Max 97,84
12/18/2023,Nike Air Zoom Pegasus 37,83
11/02/2020,Nike Air Force 1,85
08/05/2021,Nike Air Max 90,134
03/09/2022,Nike Blazer Mid 77,209
12/26/2023,Nike Air Zoom Pegasus 37,250
10/03/2022,Nike Air Max 270,150
03/27/2020,Nike Air Max 270,239
12/21/2022,Nike React Infinity Run,279
01/07/2020,Nike React Infinity Run,231
05/15/2023,Nike Air Max 97,292
06/26/2020,Nike Dunk Low,153
12/27/2021,Nike Air Max 90,157
11/18/2022,Nike Air Max 90,257
03/04/2020,Nike React Infinity Run,246
12/05/2020,Nike Air Zoom Pegasus 37,113
10/13/2023,Nike Air Max 95,225
01/06/2021,Nike Air Max 90,213
12/12/2022,Nike Air Max 90,160
03/26/2021,Nike Blazer Mid 77,230
08/21/2022,Nike Air Max 90,190
02/19/2021,Nike Air Max 95,209
02/15/2020,Nike Air Max 97,202
08/30/2021,Nike Air Max 270,244
09/20/2020,Nike Air Max 270,123
07/31/2023,Nike Air Max 90,112
02/12/2021,Nike Air Zoom Pegasus 37,204
06/23/2023,Nike Dunk Low,98
09/13/2022,Nike Air Force 1,145
08/11/2022,Nike Air Max 97,162
01/16/2023,Nike Air Force 1,101
04/27/2020,Nike Blazer Mid 77,260
05/15/2021,Nike Air Max 97,283
02/28/2022,Nike Dunk Low,113
04/14/2021,Nike Blazer Mid 77,187
09/26/2020,Nike Dunk Low,179
05/11/2022,Nike React Infinity Run,252
06/30/2021,Nike Air Max 90,89
04/12/2023,Nike Air Force 1,196
03/10/2021,Nike Air Max 270,291
05/23/2020,Nike Air Force 1,241
10/05/2021,Nike Blazer Mid 77,287
09/22/2021,Nike Air Max 90,213
08/11/2023,Nike Air Max 97,261
04/17/2021,Nike React Infinity Run,270
10/30/2023,Nike Dunk Low,125
02/08/2021,Nike Air Max 97,257
02/21/2020,Nike Air Max 90,242
12/30/2023,Nike Air Force 1,196
07/27/2020,Nike Air Max 95,132
06/18/2021,Nike React Infinity Run,162
08/19/2021,Nike React Infinity Run,265
07/11/2022,Nike Dunk Low,204
08/28/2020,Nike ZoomX Vaporfly NEXT%,213
05/30/2020,Nike Air Force 1,239
10/13/2020,Nike ZoomX Vaporfly NEXT%,91
07/16/2023,Nike Air Max 90,300
05/04/2022,Nike Dunk Low,180
05/06/2021,Nike Air Max 95,180
11/16/2021,Nike Air Max 270,222
03/21/2021,Nike Air Force 1,246
03/14/2023,Nike ZoomX Vaporfly NEXT%,158
05/30/2022,Nike Air Max 270,156
06/29/2020,Nike Dunk Low,89
02/03/2022,Nike Air Max 90,183
05/30/2023,Nike ZoomX Vaporfly NEXT%,224
07/27/2020,Nike Air Max 90,99
09/10/2020,Nike Air Max 90,93
11/22/2023,Nike Air Max 97,300
08/07/2023,Nike React Infinity Run,85
11/20/2020,Nike ZoomX Vaporfly NEXT%,129
08/13/2022,Nike Air Max 90,103
05/02/2020,Nike Dunk Low,264
10/02/2022,Nike Air Max 95,200
08/21/2023,Nike Air Zoom Pegasus 37,198
02/10/2021,Nike Air Max 97,88
12/28/2022,Nike Air Max 270,109
06/25/2020,Nike Blazer Mid 77,147
04/26/2022,Nike React Infinity Run,119
08/12/2021,Nike Air Max 90,89
03/10/2023,Nike Air Max 270,202
09/15/2020,Nike Air Max 270,147
06/24/2021,Nike ZoomX Vaporfly NEXT%,210
01/02/2020,Nike ZoomX Vaporfly NEXT%,103
05/07/2022,Nike Blazer Mid 77,253
08/04/2021,Nike Blazer Mid 77,298
07/25/2021,Nike Air Max 97,266
05/30/2023,Nike Air Zoom Pegasus 37,245
09/06/2022,Nike Blazer Mid 77,222
09/03/2022,Nike Air Force 1,201
10/29/2023,Nike Blazer Mid 77,109
06/02/2023,Nike Air Max 97,108
10/22/2020,Nike ZoomX Vaporfly NEXT%,98
05/26/2020,Nike ZoomX Vaporfly NEXT%,111
03/25/2022,Nike Air Max 95,179
09/05/2020,Nike Air Max 90,239
05/25/2022,Nike Blazer Mid 77,128
02/24/2020,Nike Air Force 1,145
08/23/2022,Nike Dunk Low,259
01/01/2021,Nike Air Max 95,109
01/29/2020,Nike Air Max 90,111
10/24/2023,Nike React Infinity Run,219
08/11/2022,Nike Air Max 90,288
02/03/2022,Nike Air Max 97,110
12/26/2020,Nike Air Max 270,208
10/26/2021,Nike ZoomX Vaporfly NEXT%,112
11/22/2022,Nike Air Force 1,121
07/10/2020,Nike Blazer Mid 77,191
03/05/2021,Nike Air Max 270,143
11/28/2022,Nike Air Max 90,243
02/04/2021,Nike React Infinity Run,144
03/14/2020,Nike Air Zoom Pegasus 37,151
04/19/2020,Nike Air Max 270,173
09/30/2020,Nike Air Max 95,227
03/23/2023,Nike Dunk Low,287
01/08/2023,Nike Dunk Low,206
03/08/2023,Nike Air Force 1,227
12/06/2020,Nike Air Max 95,211
06/18/2023,Nike Air Max 270,166
08/29/2023,Nike Air Max 90,228
03/23/2023,Nike Air Force 1,221
10/15/2023,Nike React Infinity Run,236
03/23/2021,Nike Air Max 90,277
09/09/2021,Nike ZoomX Vaporfly NEXT%,291
03/22/2021,Nike Air Max 90,178
07/12/2020,Nike Air Max 270,89
12/02/2023,Nike Dunk Low,134
03/10/2023,Nike Air Max 97,199
05/17/2023,Nike Air Max 97,136
09/05/2020,Nike Air Zoom Pegasus 37,169
01/16/2021,Nike Air Force 1,290
01/22/2020,Nike Air Force 1,190
10/08/2022,Nike Air Max 97,199
08/17/2020,Nike Air Force 1,149
05/26/2022,Nike React Infinity Run,271
01/20/2023,Nike Air Zoom Pegasus 37,91
08/10/2023,Nike Air Max 97,218
05/30/2020,Nike Air Max 270,203
09/17/2022,Nike Air Max 97,158
03/20/2021,Nike Air Force 1,133
07/06/2021,Nike Air Max 95,270
11/03/2022,Nike Air Max 97,236
07/30/2023,Nike ZoomX Vaporfly NEXT%,97
10/11/2021,Nike Air Max 270,295
08/20/2020,Nike Air Zoom Pegasus 37,287
02/18/2023,Nike Air Max 270,216
10/07/2020,Nike Air Max 90,259
03/02/2020,Nike Dunk Low,126
11/30/2020,Nike Air Max 97,178
03/17/2023,Nike Air Max 90,118
09/30/2020,Nike Air Max 97,246
10/01/2023,Nike Air Force 1,275
06/05/2023,Nike ZoomX Vaporfly NEXT%,146
01/30/2021,Nike Blazer Mid 77,180
02/28/2022,Nike Blazer Mid 77,140
11/25/2020,Nike Air Max 90,239
01/29/2020,Nike Blazer Mid 77,155
10/16/2020,Nike Air Max 90,198
11/02/2023,Nike Air Max 90,223
01/27/2022,Nike Air Max 90,127
08/11/2020,Nike Air Max 270,85
04/12/2021,Nike Air Zoom Pegasus 37,248
09/12/2022,Nike Air Force 1,228
11/22/2023,Nike Air Max 97,168
04/21/2022,Nike Air Zoom Pegasus 37,255
10/02/2022,Nike Blazer Mid 77,177
09/21/2020,Nike Air Max 270,159
11/23/2020,Nike Blazer Mid 77,164
06/16/2020,Nike Air Max 97,92
05/21/2021,Nike Air Zoom Pegasus 37,103
03/30/2021,Nike Air Max 97,289
10/11/2021,Nike Air Force 1,279
06/25/2021,Nike Blazer Mid 77,179
12/15/2020,Nike Blazer Mid 77,289
06/11/2021,Nike Air Max 97,222
11/04/2023,Nike Air Max 95,278
01/07/2021,Nike Air Force 1,279
03/14/2020,Nike Dunk Low,122
06/23/2020,Nike ZoomX Vaporfly NEXT%,202
09/08/2020,Nike Air Max 270,81
04/11/2020,Nike Air Max 97,131
08/10/2023,Nike React Infinity Run,267
09/03/2021,Nike ZoomX Vaporfly NEXT%,283
12/14/2023,Nike Air Max 270,260
04/29/2021,Nike Air Max 95,169
11/21/2021,Nike Air Max 270,265
12/10/2022,Nike ZoomX Vaporfly NEXT%,221
05/03/2022,Nike Dunk Low,174
07/13/2020,Nike ZoomX Vaporfly NEXT%,224
05/30/2023,Nike React Infinity Run,262
01/13/2021,Nike Air Max 97,146
03/15/2020,Nike Air Force 1,194
12/23/2023,Nike ZoomX Vaporfly NEXT%,237
10/30/2020,Nike Air Max 97,221
03/24/2021,Nike Air Max 97,228
04/19/2022,Nike Air Force 1,83
07/01/2021,Nike Blazer Mid 77,118
04/11/2022,Nike Air Max 90,261
02/12/2023,Nike Blazer Mid 77,275
10/22/2023,Nike Air Max 95,229
03/17/2020,Nike ZoomX Vaporfly NEXT%,138
07/24/2020,Nike Air Max 97,136
07/27/2020,Nike Air Max 97,266
02/08/2023,Nike Air Max 270,300
10/31/2023,Nike ZoomX Vaporfly NEXT%,133
01/12/2020,Nike Blazer Mid 77,279
09/13/2021,Nike Air Max 95,157
04/11/2023,Nike Air Zoom Pegasus 37,106
02/23/2023,Nike Air Max 90,168
03/30/2023,Nike Air Max 95,257
11/13/2021,Nike Dunk Low,171
08/27/2021,Nike Air Max 95,282
12/16/2021,Nike Air Max 270,152
01/01/2020,Nike Blazer Mid 77,97
06/16/2020,Nike React Infinity Run,217
02/20/2022,Nike Air Zoom Pegasus 37,297
03/18/2021,Nike ZoomX Vaporfly NEXT%,233
11/03/2020,Nike ZoomX Vaporfly NEXT%,237
01/09/2020,Nike Air Zoom Pegasus 37,266
04/23/2021,Nike Air Zoom Pegasus 37,247
08/13/2020,Nike ZoomX Vaporfly NEXT%,286
04/19/2023,Nike Air Max 95,108
10/27/2023,Nike Air Zoom Pegasus 37,252
09/25/2022,Nike Air Max 95,89
04/18/2021,Nike Air Max 270,207
11/10/2022,Nike Air Max 270,250
02/22/2021,Nike Air Max 90,252
08/21/2022,Nike Air Max 95,266
12/07/2020,Nike Dunk Low,180
02/04/2022,Nike React Infinity Run,80
04/09/2020,Nike Blazer Mid 77,194
04/08/2023,Nike Air Max 95,127
01/16/2020,Nike Air Max 95,110
09/02/2023,Nike Air Max 95,295
06/08/2023,Nike Air Zoom Pegasus 37,89
06/16/2020,Nike Air Force 1,113
01/03/2023,Nike Air Zoom Pegasus 37,109
01/22/2020,Nike Air Force 1,288
09/13/2023,Nike Air Max 97,275
07/18/2022,Nike Air Max 95,122
11/30/2021,Nike ZoomX Vaporfly NEXT%,208
08/28/2021,Nike Blazer Mid 77,148
06/01/2023,Nike Air Max 95,278
12/06/2022,Nike ZoomX Vaporfly NEXT%,139
10/17/2023,Nike Air Max 270,277
12/24/2023,Nike Air Max 95,126
01/08/2021,Nike Air Force 1,253
06/28/2022,Nike Air Max 270,110
03/07/2022,Nike Air Max 97,119
08/02/2021,Nike Blazer Mid 77,209
03/22/2022,Nike Air Force 1,90
07/27/2021,Nike Air Max 270,122
09/04/2022,Nike Dunk Low,124
05/09/2022,Nike Dunk Low,273
05/20/2023,Nike Air Max 97,220
07/26/2021,Nike React Infinity Run,195
05/01/2022,Nike React Infinity Run,183
04/01/2023,Nike Blazer Mid 77,203
05/23/2020,Nike Dunk Low,120
03/11/2020,Nike React Infinity Run,127
06/25/2023,Nike Air Max 90,253
08/17/2022,Nike Air Max 270,272
12/14/2021,Nike Air Max 90,151
07/06/2022,Nike Blazer Mid 77,85
03/29/2022,Nike Air Max 95,262
06/29/2021,Nike Air Zoom Pegasus 37,191
06/22/2023,Nike React Infinity Run,260
01/03/2020,Nike Blazer Mid 77,194
08/02/2020,Nike Air Force 1,168
07/18/2021,Nike Air Max 97,242
03/02/2022,Nike Air Max 270,298
09/06/2023,Nike React Infinity Run,84
09/01/2021,Nike Air Max 95,297
07/23/2022,Nike Blazer Mid 77,85
01/24/2022,Nike Air Zoom Pegasus 37,208
11/06/2023,Nike Air Max 95,229
03/08/2021,Nike Air Max 97,287
10/18/2021,Nike Air Max 97,121
11/08/2020,Nike React Infinity Run,155
03/10/2021,Nike Air Max 95,114
10/11/2020,Nike Air Zoom Pegasus 37,141
03/21/2023,Nike ZoomX Vaporfly NEXT%,241
12/23/2022,Nike Blazer Mid 77,222
03/25/2021,Nike ZoomX Vaporfly NEXT%,106
06/24/2021,Nike Air Force 1,176
12/06/2020,Nike Air Max 97,284
05/11/2022,Nike ZoomX Vaporfly NEXT%,282
04/25/2020,Nike Air Force 1,125
12/17/2022,Nike Air Force 1,269
01/17/2023,Nike React Infinity Run,268
06/14/2023,Nike Air Max 270,228
12/16/2023,Nike Air Max 95,146
08/19/2022,Nike Air Max 97,278
07/03/2021,Nike Air Max 270,87
06/01/2020,Nike Dunk Low,80
11/12/2020,Nike Dunk Low,161
01/19/2020,Nike Air Max 97,292
05/07/2020,Nike React Infinity Run,121
07/13/2020,Nike ZoomX Vaporfly NEXT%,90
11/12/2023,Nike ZoomX Vaporfly NEXT%,260
10/29/2020,Nike Air Force 1,282
03/24/2020,Nike Air Zoom Pegasus 37,255
02/18/2021,Nike Air Max 270,114
05/01/2023,Nike Dunk Low,289
04/28/2023,Nike Air Max 90,194
12/16/2020,Nike Blazer Mid 77,174
11/16/2023,Nike Air Max 95,173
04/16/2023,Nike Air Zoom Pegasus 37,83
01/12/2021,Nike Air Max 95,208
12/02/2021,Nike React Infinity Run,147
05/11/2022,Nike Blazer Mid 77,218
06/20/2023,Nike Air Zoom Pegasus 37,231
07/25/2022,Nike Air Max 97,122
05/07/2020,Nike Air Max 90,100
04/16/2022,Nike React Infinity Run,294
10/04/2023,Nike Air Max 97,227
07/30/2022,Nike Air Force 1,106
09/21/2023,Nike ZoomX Vaporfly NEXT%,225
09/14/2021,Nike Air Max 95,224
04/20/2022,Nike Blazer Mid 77,296
08/18/2020,Nike Air Zoom Pegasus 37,112
07/24/2020,Nike Air Max 270,270
05/17/2023,Nike Dunk Low,239
06/22/2022,Nike Air Zoom Pegasus 37,228
06/29/2023,Nike Air Max 270,225
08/21/2022,Nike Air Max 90,247
01/22/2021,Nike Air Max 95,271
10/21/2023,Nike Air Max 90,172
11/16/2023,Nike Air Max 90,233
06/16/2023,Nike Air Max 95,121
01/28/2022,Nike Air Max 97,245
06/26/2021,Nike React Infinity Run,243
03/05/2020,Nike Dunk Low,156
04/17/2021,Nike Air Max 95,181
04/02/2022,Nike React Infinity Run,165
05/20/2021,Nike Air Zoom Pegasus 37,227
04/25/2020,Nike Blazer Mid 77,96
01/04/2023,Nike Air Force 1,294
02/06/2023,Nike Dunk Low,278
04/13/2020,Nike Air Zoom Pegasus 37,266
09/27/2021,Nike Air Force 1,254
05/17/2020,Nike Air Max 90,162
03/26/2021,Nike Air Max 95,200
01/15/2022,Nike ZoomX Vaporfly NEXT%,135
10/25/2022,Nike Air Max 90,114
11/06/2022,Nike ZoomX Vaporfly NEXT%,261
12/25/2023,Nike Air Max 270,253
04/23/2023,Nike Air Max 95,262
11/03/2020,Nike Blazer Mid 77,223
02/09/2023,Nike Air Max 270,114
08/12/2022,Nike React Infinity Run,156
01/11/2020,Nike Blazer Mid 77,124
04/06/2020,Nike Air Force 1,103
10/13/2020,Nike Air Max 90,220
06/29/2021,Nike Air Force 1,285
04/15/2021,Nike Air Force 1,161
06/15/2022,Nike Air Max 90,121
03/26/2020,Nike Air Max 90,119
09/06/2022,Nike Air Max 270,80
12/24/2023,Nike Air Max 97,85
08/15/2023,Nike ZoomX Vaporfly NEXT%,96
12/02/2023,Nike Air Max 95,126
07/29/2023,Nike ZoomX Vaporfly NEXT%,119
09/21/2020,Nike Air Zoom Pegasus 37,286
04/03/2022,Nike Air Force 1,244
08/25/2021,Nike Air Max 97,256
02/28/2020,Nike Blazer Mid 77,250
06/11/2020,Nike Air Max 95,246
01/02/2022,Nike Air Zoom Pegasus 37,251
06/30/2021,Nike Air Max 270,95
03/29/2023,Nike Dunk Low,144
09/29/2022,Nike Air Force 1,98
03/08/2020,Nike ZoomX Vaporfly NEXT%,197
06/09/2021,Nike Dunk Low,298
03/20/2020,Nike Air Max 270,299
06/21/2023,Nike Air Max 90,188
07/28/2021,Nike Air Force 1,98
05/16/2021,Nike Air Max 270,129
10/05/2022,Nike Air Max 95,136
09/30/2020,Nike Air Max 95,166
06/19/2022,Nike Air Max 95,136
08/12/2022,Nike ZoomX Vaporfly NEXT%,121
09/14/2023,Nike Dunk Low,177
12/07/2020,Nike Air Max 95,100
07/09/2020,Nike Air Zoom Pegasus 37,276
08/07/2021,Nike Air Zoom Pegasus 37,279
04/11/2020,Nike Air Force 1,283
05/11/2021,Nike Air Max 270,221
07/28/2023,Nike Air Max 270,181
04/25/2020,Nike Dunk Low,96
05/01/2023,Nike Air Max 97,266
04/02/2023,Nike Air Max 97,82
11/28/2021,Nike Air Max 95,88
10/08/2023,Nike Air Max 90,123
05/18/2021,Nike Air Max 90,93
04/22/2023,Nike Air Max 270,254
12/28/2022,Nike ZoomX Vaporfly NEXT%,118
12/08/2021,Nike Air Max 270,146
10/29/2022,Nike Air Max 270,184
09/14/2023,Nike Air Max 97,280
11/25/2022,Nike Dunk Low,153
04/06/2021,Nike ZoomX Vaporfly NEXT%,182
01/31/2020,Nike Air Max 270,142
09/11/2020,Nike React Infinity Run,88
10/21/2022,Nike Air Max 97,300
02/01/2022,Nike Air Max 270,263
01/26/2022,Nike Air Max 97,283
12/29/2023,Nike Dunk Low,147
09/14/2020,Nike Air Zoom Pegasus 37,129
06/30/2021,Nike React Infinity Run,202
02/10/2023,Nike Air Max 90,198
01/05/2021,Nike Air Max 270,254
07/05/2022,Nike Blazer Mid 77,157
09/21/2021,Nike Blazer Mid 77,269
12/24/2022,Nike Air Max 90,274
02/15/2020,Nike Air Max 95,300
07/13/2021,Nike Air Max 97,191
10/12/2022,Nike Dunk Low,250
04/09/2020,Nike Air Max 95,249
10/24/2022,Nike Air Max 97,171
12/29/2023,Nike Air Force 1,239
10/31/2020,Nike Air Zoom Pegasus 37,163
02/22/2021,Nike Dunk Low,219
02/10/2021,Nike Dunk Low,238
11/04/2020,Nike React Infinity Run,296
11/14/2022,Nike Dunk Low,162
05/05/2021,Nike Air Force 1,299
11/29/2020,Nike Air Force 1,175
06/25/2022,Nike Air Max 90,162
09/07/2021,Nike Air Max 97,198
10/02/2020,Nike Air Zoom Pegasus 37,158
08/30/2020,Nike Air Max 97,259
11/14/2023,Nike ZoomX Vaporfly NEXT%,253
06/20/2023,Nike ZoomX Vaporfly NEXT%,132
02/27/2022,Nike Air Max 95,200
08/13/2020,Nike React Infinity Run,133
08/09/2022,Nike Air Zoom Pegasus 37,278
05/21/2020,Nike Air Zoom Pegasus 37,196
02/01/2022,Nike Air Max 270,167
01/12/2023,Nike Air Max 95,159
01/17/2023,Nike Air Max 95,235
12/31/2020,Nike Air Max 95,106
01/04/2022,Nike Air Zoom Pegasus 37,208
09/12/2021,Nike ZoomX Vaporfly NEXT%,153
07/16/2022,Nike React Infinity Run,190
01/20/2021,Nike Air Zoom Pegasus 37,289
04/29/2022,Nike React Infinity Run,101
02/03/2022,Nike Air Max 97,93
02/07/2021,Nike Air Max 90,295
04/20/2022,Nike Air Force 1,137
05/28/2020,Nike Air Max 97,262
05/21/2020,Nike Air Max 90,177
05/30/2023,Nike Air Max 95,90
11/05/2022,Nike Air Force 1,180
05/12/2021,Nike ZoomX Vaporfly NEXT%,86
12/18/2021,Nike Blazer Mid 77,122
03/17/2021,Nike ZoomX Vaporfly NEXT%,233
05/28/2022,Nike Air Max 270,122
06/23/2023,Nike Air Zoom Pegasus 37,173
02/15/2023,Nike Air Max 90,95
10/02/2022,Nike React Infinity Run,242
03/22/2021,Nike Air Max 90,211
04/19/2022,Nike React Infinity Run,120
08/17/2020,Nike Air Force 1,226
05/17/2022,Nike Air Zoom Pegasus 37,208
05/03/2022,Nike React Infinity Run,255
06/13/2022,Nike Air Max 90,271
01/15/2023,Nike Air Max 270,235
11/09/2020,Nike React Infinity Run,227
06/12/2023,Nike Air Zoom Pegasus 37,147
10/14/2022,Nike Dunk Low,141
07/03/2020,Nike Air Force 1,93
02/01/2020,Nike Air Max 270,180
10/10/2020,Nike ZoomX Vaporfly NEXT%,269
04/03/2020,Nike Air Max 270,131
11/24/2020,Nike Air Max 97,112
09/22/2022,Nike Air Max 97,89
10/12/2022,Nike Air Max 95,96
08/14/2022,Nike ZoomX Vaporfly NEXT%,241
04/08/2021,Nike Air Force 1,173
01/11/2021,Nike Air Max 97,178
08/19/2023,Nike Air Max 97,197
05/26/2021,Nike ZoomX Vaporfly NEXT%,82
10/18/2021,Nike Blazer Mid 77,152
09/01/2020,Nike React Infinity Run,124
03/19/2021,Nike Air Max 270,184
08/05/2023,Nike Air Force 1,217
11/12/2020,Nike Air Max 90,294
02/19/2021,Nike Air Zoom Pegasus 37,87
02/04/2022,Nike ZoomX Vaporfly NEXT%,105
01/21/2023,Nike ZoomX Vaporfly NEXT%,102
11/14/2021,Nike Air Max 270,117
05/23/2023,Nike Air Force 1,139
06/04/2023,Nike Air Max 270,140
10/21/2022,Nike Air Max 95,197
02/01/2021,Nike ZoomX Vaporfly NEXT%,245
09/28/2023,Nike Blazer Mid 77,241
11/28/2021,Nike Air Zoom Pegasus 37,281
11/25/2021,Nike Air Max 270,222
05/22/2021,Nike Blazer Mid 77,156
08/09/2023,Nike Blazer Mid 77,222
09/22/2020,Nike Air Max 95,266
01/05/2020,Nike Air Max 270,172
02/05/2020,Nike React Infinity Run,135
12/13/2020,Nike Air Max 90,138
09/05/2023,Nike Air Force 1,270
03/06/2020,Nike React Infinity Run,125
04/30/2023,Nike Air Zoom Pegasus 37,133
08/14/2023,Nike Dunk Low,177
01/12/2023,Nike Air Max 270,156
01/31/2023,Nike Blazer Mid 77,175
02/04/2020,Nike Air Max 270,134
02/09/2022,Nike React Infinity Run,254
02/12/2022,Nike Air Max 90,282
05/13/2020,Nike Air Max 97,256
07/07/2023,Nike Air Max 90,92
08/30/2021,Nike Air Max 95,174
05/01/2023,Nike Air Max 95,232
01/02/2023,Nike Air Zoom Pegasus 37,277
05/21/2023,Nike Air Max 95,223
03/11/2021,Nike Air Force 1,122
01/02/2021,Nike React Infinity Run,248
10/03/2021,Nike Dunk Low,142
08/29/2021,Nike Dunk Low,205
03/26/2021,Nike ZoomX Vaporfly NEXT%,153
07/10/2023,Nike Air Force 1,218
07/01/2023,Nike Air Zoom Pegasus 37,284
01/12/2023,Nike Air Max 95,89
07/02/2022,Nike Air Zoom Pegasus 37,175
05/01/2022,Nike Air Force 1,89
06/09/2020,Nike Blazer Mid 77,177
11/21/2021,Nike React Infinity Run,176
08/11/2020,Nike Blazer Mid 77,285
03/27/2022,Nike Air Force 1,109
06/18/2023,Nike Air Max 270,105
12/15/2023,Nike Air Max 270,103
02/03/2023,Nike Air Max 97,139
01/21/2022,Nike ZoomX Vaporfly NEXT%,173
09/28/2020,Nike React Infinity Run,227
02/04/2021,Nike Air Zoom Pegasus 37,272
03/12/2021,Nike Air Max 97,146
02/27/2023,Nike Dunk Low,245
09/11/2023,Nike React Infinity Run,213
06/08/2021,Nike Air Force 1,138
06/26/2020,Nike Air Force 1,237
05/30/2023,Nike Air Max 270,211
05/24/2020,Nike Air Max 270,122
10/06/2023,Nike Dunk Low,250
06/02/2022,Nike Air Max 270,119
10/28/2023,Nike Air Max 95,252
02/05/2023,Nike Air Max 90,216
07/29/2021,Nike Air Max 95,199
09/28/2023,Nike Air Max 90,85
03/03/2020,Nike Air Max 97,193
02/21/2023,Nike Air Max 270,97
07/30/2020,Nike React Infinity Run,93
03/02/2023,Nike Air Force 1,164
05/26/2020,Nike Air Max 95,299
12/31/2021,Nike Air Zoom Pegasus 37,272
07/11/2020,Nike Air Max 90,229
09/03/2020,Nike Air Zoom Pegasus 37,172
10/26/2022,Nike Air Max 95,270
06/15/2023,Nike React Infinity Run,228
02/09/2021,Nike Dunk Low,160
01/30/2023,Nike Air Max 97,123
09/10/2020,Nike Blazer Mid 77,193
02/21/2020,Nike Dunk Low,141
08/03/2020,Nike Air Zoom Pegasus 37,163
01/05/2023,Nike Blazer Mid 77,85
01/10/2021,Nike React Infinity Run,118
09/03/2023,Nike Blazer Mid 77,89
04/23/2020,Nike React Infinity Run,236
07/04/2022,Nike Air Max 95,215
07/23/2023,Nike Dunk Low,248
04/13/2022,Nike Air Max 97,292
02/21/2023,Nike ZoomX Vaporfly NEXT%,161
09/09/2023,Nike Air Max 95,293
03/08/2020,Nike Air Force 1,267
08/04/2020,Nike Air Force 1,271
08/13/2022,Nike Air Max 97,138
02/17/2020,Nike Air Max 95,93
04/01/2020,Nike Dunk Low,122
11/22/2023,Nike React Infinity Run,96
11/17/2022,Nike Dunk Low,272
01/02/2021,Nike Air Force 1,191
03/12/2020,Nike Blazer Mid 77,267
02/23/2022,Nike Dunk Low,118
03/31/2022,Nike Air Max 90,192
01/29/2020,Nike Air Max 270,230
01/23/2022,Nike Air Zoom Pegasus 37,147
02/25/2023,Nike Air Max 270,206
05/08/2022,Nike React Infinity Run,86
03/01/2022,Nike Air Max 270,287
07/28/2020,Nike Blazer Mid 77,276
10/04/2020,Nike Blazer Mid 77,296
10/30/2023,Nike Air Max 95,231
10/26/2021,Nike Air Max 90,142
03/18/2020,Nike Air Max 97,193
09/04/2020,Nike Air Force 1,197
08/29/2020,Nike ZoomX Vaporfly NEXT%,296
09/06/2021,Nike Air Max 270,180
03/12/2021,Nike Air Zoom Pegasus 37,171
11/26/2020,Nike Air Max 90,166
11/09/2020,Nike ZoomX Vaporfly NEXT%,157
09/09/2022,Nike ZoomX Vaporfly NEXT%,81
12/29/2021,Nike React Infinity Run,106
08/22/2020,Nike Air Max 97,107
06/15/2022,Nike Air Max 95,282
04/24/2021,Nike Air Force 1,91
06/29/2021,Nike Air Max 95,217
07/30/2021,Nike Air Max 90,225
03/23/2023,Nike Air Max 270,272
05/02/2023,Nike ZoomX Vaporfly NEXT%,182
10/24/2021,Nike Air Force 1,207
11/05/2020,Nike Air Max 90,254
05/29/2020,Nike Dunk Low,209
04/04/2022,Nike Blazer Mid 77,286
09/09/2021,Nike React Infinity Run,92
06/03/2021,Nike Air Zoom Pegasus 37,103
07/06/2023,Nike Blazer Mid 77,148
08/01/2021,Nike Air Force 1,242
12/09/2021,Nike Air Max 90,128
11/20/2023,Nike Air Zoom Pegasus 37,224
04/14/2020,Nike Blazer Mid 77,99
02/13/2022,Nike ZoomX Vaporfly NEXT%,92
03/05/2022,Nike Air Max 90,288
04/28/2022,Nike React Infinity Run,280
09/21/2023,Nike Blazer Mid 77,266
10/12/2021,Nike Blazer Mid 77,218
03/12/2020,Nike Air Max 95,215
03/19/2021,Nike Air Force 1,245
05/04/2021,Nike Air Max 90,281
08/13/2020,Nike Air Zoom Pegasus 37,294
12/11/2023,Nike ZoomX Vaporfly NEXT%,251
01/25/2021,Nike Blazer Mid 77,263
08/16/2022,Nike Air Zoom Pegasus 37,282
08/25/2021,Nike Air Zoom Pegasus 37,177
06/14/2020,Nike Air Max 270,103
05/21/2020,Nike Air Max 90,183
08/23/2020,Nike ZoomX Vaporfly NEXT%,267
03/04/2022,Nike Air Zoom Pegasus 37,278
04/24/2020,Nike Air Max 95,100
05/29/2020,Nike Air Max 270,297
11/29/2023,Nike Air Max 95,160
02/17/2020,Nike Dunk Low,91
02/24/2022,Nike Blazer Mid 77,293
12/28/2020,Nike Blazer Mid 77,246
12/27/2020,Nike Air Max 97,176
07/07/2020,Nike Air Zoom Pegasus 37,274
11/19/2021,Nike Air Max 90,159
02/01/2021,Nike Air Max 90,142
05/28/2023,Nike Air Max 90,281
08/30/2022,Nike ZoomX Vaporfly NEXT%,263
10/18/2023,Nike Air Max 90,149
08/07/2021,Nike Air Max 270,87
12/13/2020,Nike Dunk Low,267
01/19/2023,Nike Air Max 270,229
11/15/2022,Nike Air Max 90,219
12/19/2023,Nike Air Max 90,192
03/17/2022,Nike Air Force 1,289
01/30/2023,Nike React Infinity Run,265
11/15/2020,Nike Air Force 1,155
01/03/2022,Nike React Infinity Run,100
05/10/2022,Nike React Infinity Run,134
02/04/2022,Nike Blazer Mid 77,93
08/14/2021,Nike Blazer Mid 77,97
05/12/2021,Nike Air Zoom Pegasus 37,164
04/26/2020,Nike Air Max 97,206
07/25/2020,Nike Air Force 1,100
03/25/2020,Nike Blazer Mid 77,205
12/12/2021,Nike React Infinity Run,291
01/20/2023,Nike Air Force 1,161
10/23/2022,Nike Air Max 97,90
04/13/2021,Nike ZoomX Vaporfly NEXT%,223
07/28/2021,Nike Dunk Low,265
10/30/2023,Nike Air Force 1,125
11/21/2022,Nike React Infinity Run,276
05/24/2020,Nike Air Max 97,257
07/08/2022,Nike Air Max 270,126
10/26/2022,Nike Air Max 270,194
08/04/2021,Nike Air Max 270,149
04/12/2021,Nike Air Max 97,116
04/28/2023,Nike React Infinity Run,208
10/18/2022,Nike Air Max 270,125
12/26/2022,Nike React Infinity Run,158
05/30/2020,Nike Dunk Low,214
08/04/2022,Nike Air Max 95,181
04/29/2020,Nike Dunk Low,225
07/28/2023,Nike Air Max 95,270
03/01/2022,Nike Air Force 1,146
11/02/2022,Nike Dunk Low,300
08/30/2022,Nike Blazer Mid 77,196
03/22/2023,Nike Dunk Low,125
04/02/2020,Nike Air Zoom Pegasus 37,233
03/04/2023,Nike Air Max 95,129
08/17/2022,Nike Air Max 95,97
04/28/2020,Nike Air Max 97,112
04/30/2023,Nike Blazer Mid 77,210
05/14/2023,Nike Air Max 95,253
06/08/2021,Nike Air Force 1,138
04/30/2020,Nike ZoomX Vaporfly NEXT%,201
09/29/2021,Nike React Infinity Run,257
08/19/2023,Nike Air Max 97,155
04/11/2020,Nike React Infinity Run,237
04/16/2020,Nike Air Max 95,107
11/30/2022,Nike Air Zoom Pegasus 37,256
03/03/2022,Nike Air Max 90,201
06/16/2020,Nike Air Max 270,99
12/18/2022,Nike React Infinity Run,117
03/20/2020,Nike ZoomX Vaporfly NEXT%,156
08/12/2020,Nike Blazer Mid 77,205
10/22/2022,Nike React Infinity Run,80
02/21/2021,Nike React Infinity Run,106
06/23/2023,Nike Air Max 90,267
08/18/2021,Nike Air Max 270,107
08/31/2020,Nike ZoomX Vaporfly NEXT%,87
05/01/2023,Nike Air Max 97,172
10/30/2021,Nike Air Max 97,87
11/15/2020,Nike Air Max 90,294
06/22/2022,Nike React Infinity Run,221
07/22/2021,Nike Air Max 90,172
09/11/2020,Nike Air Max 95,227
07/01/2020,Nike Blazer Mid 77,178
01/30/2020,Nike Air Zoom Pegasus 37,175
02/21/2021,Nike ZoomX Vaporfly NEXT%,211
07/02/2021,Nike ZoomX Vaporfly NEXT%,161
12/07/2023,Nike Air Max 90,284
08/16/2020,Nike React Infinity Run,163
06/08/2023,Nike Air Force 1,238
03/24/2021,Nike Air Max 270,104
06/20/2020,Nike Air Max 97,173
11/09/2022,Nike Air Zoom Pegasus 37,290
07/11/2020,Nike React Infinity Run,87
02/15/2023,Nike Dunk Low,181
09/15/2022,Nike Dunk Low,268
06/10/2021,Nike Dunk Low,141
07/18/2021,Nike ZoomX Vaporfly NEXT%,229
06/19/2021,Nike Dunk Low,267
02/16/2021,Nike React Infinity Run,192
11/15/2021,Nike Air Force 1,120
03/18/2021,Nike Air Max 97,107
04/05/2023,Nike Air Zoom Pegasus 37,170
10/21/2020,Nike Air Max 90,214
08/31/2023,Nike Dunk Low,261
06/04/2023,Nike Air Max 90,189
09/20/2021,Nike Dunk Low,127
04/16/2021,Nike Air Max 90,277
07/29/2020,Nike Air Max 90,185
05/31/2022,Nike Air Max 95,204
10/18/2021,Nike ZoomX Vaporfly NEXT%,159
04/23/2021,Nike Air Force 1,273
09/19/2021,Nike Blazer Mid 77,277
04/12/2021,Nike Air Max 95,147
02/22/2020,Nike Air Zoom Pegasus 37,159
05/07/2022,Nike Air Zoom Pegasus 37,184
07/03/2023,Nike Air Zoom Pegasus 37,293
09/27/2020,Nike Air Max 95,226
09/01/2023,Nike React Infinity Run,220
08/02/2021,Nike Air Max 90,113
03/30/2023,Nike Air Force 1,143
01/02/2020,Nike Air Max 270,174
08/17/2022,Nike Air Force 1,99
01/11/2022,Nike Air Force 1,81
06/09/2022,Nike Air Max 270,165
04/03/2021,Nike Air Max 270,280
05/19/2023,Nike Blazer Mid 77,220
08/25/2022,Nike Air Force 1,200
06/20/2020,Nike Air Force 1,247
05/25/2022,Nike Air Max 90,272
08/30/2023,Nike Air Zoom Pegasus 37,248
07/19/2022,Nike Air Max 95,249
09/05/2022,Nike Air Max 90,140
03/14/2023,Nike Air Max 90,155
06/27/2022,Nike Dunk Low,204
08/26/2023,Nike Air Force 1,177
12/15/2021,Nike Air Max 90,289
07/09/2020,Nike Air Force 1,238
12/09/2021,Nike React Infinity Run,139
03/14/2023,Nike Dunk Low,283
01/01/2022,Nike React Infinity Run,201
02/13/2023,Nike Blazer Mid 77,276
05/08/2022,Nike Air Max 97,109
07/23/2020,Nike Air Max 97,267
11/12/2022,Nike Dunk Low,89
08/14/2023,Nike Air Zoom Pegasus 37,230
12/04/2023,Nike Dunk Low,103
08/03/2020,Nike Dunk Low,269
06/08/2022,Nike React Infinity Run,182
12/03/2021,Nike Air Max 270,240
04/10/2021,Nike Air Max 95,111
01/11/2022,Nike React Infinity Run,190
01/06/2023,Nike Air Force 1,194
06/02/2022,Nike Air Zoom Pegasus 37,256
05/29/2023,Nike React Infinity Run,240
03/08/2023,Nike Blazer Mid 77,243
12/22/2020,Nike Air Max 90,229
09/12/2020,Nike Air Max 90,187
09/14/2023,Nike Air Max 90,164
02/19/2021,Nike Air Max 270,213
06/16/2022,Nike Air Force 1,156
10/07/2020,Nike Dunk Low,185
04/20/2023,Nike Air Max 97,104
09/09/2020,Nike React Infinity Run,136
09/27/2021,Nike Air Max 90,196
09/17/2023,Nike Dunk Low,81
08/02/2023,Nike Air Zoom Pegasus 37,286
07/14/2020,Nike Dunk Low,119
06/08/2020,Nike Air Zoom Pegasus 37,216
12/17/2021,Nike Air Zoom Pegasus 37,280
11/09/2023,Nike Air Max 97,114
03/30/2022,Nike Air Max 90,241
12/17/2022,Nike Air Force 1,85
08/05/2020,Nike ZoomX Vaporfly NEXT%,237
10/26/2020,Nike Air Max 90,223
11/01/2020,Nike Air Max 270,159
12/19/2020,Nike Dunk Low,101
11/13/2020,Nike Air Zoom Pegasus 37,239
03/14/2023,Nike Blazer Mid 77,187
10/20/2022,Nike Dunk Low,198
03/04/2023,Nike Air Force 1,124
08/05/2021,Nike Blazer Mid 77,121
11/03/2021,Nike React Infinity Run,120
04/11/2021,Nike Dunk Low,157
11/17/2021,Nike Air Max 270,177
07/10/2022,Nike Air Force 1,200
03/10/2020,Nike Dunk Low,294
05/07/2023,Nike Air Max 270,90
02/03/2022,Nike React Infinity Run,135
09/17/2023,Nike Air Max 270,193
10/11/2020,Nike Blazer Mid 77,234
10/29/2020,Nike Air Zoom Pegasus 37,289
05/17/2020,Nike ZoomX Vaporfly NEXT%,239
04/21/2021,Nike ZoomX Vaporfly NEXT%,277
06/25/2021,Nike Air Max 95,178
03/25/2023,Nike Blazer Mid 77,101
12/13/2020,Nike Air Max 270,262
12/26/2020,Nike Air Max 270,223
05/18/2020,Nike Air Max 95,117
09/15/2023,Nike Dunk Low,190
10/01/2022,Nike Dunk Low,85
11/14/2020,Nike ZoomX Vaporfly NEXT%,124
10/12/2020,Nike Air Max 97,285
03/15/2020,Nike Air Max 270,115
11/02/2020,Nike Dunk Low,110
07/05/2023,Nike Air Zoom Pegasus 37,235
08/31/2022,Nike Air Max 270,157
06/12/2020,Nike Air Force 1,276
04/16/2023,Nike Blazer Mid 77,266
02/17/2020,Nike ZoomX Vaporfly NEXT%,248
12/11/2021,Nike ZoomX Vaporfly NEXT%,273
04/10/2022,Nike Air Max 95,274
11/02/2022,Nike Air Max 270,112
03/23/2022,Nike Air Max 97,182
09/08/2021,Nike ZoomX Vaporfly NEXT%,268
11/05/2023,Nike Dunk Low,165
10/02/2021,Nike Air Force 1,191
08/11/2022,Nike ZoomX Vaporfly NEXT%,96
04/14/2023,Nike Dunk Low,284
11/30/2020,Nike Air Max 270,127
03/11/2020,Nike Dunk Low,193
06/07/2021,Nike Dunk Low,247
02/06/2020,Nike ZoomX Vaporfly NEXT%,126
07/09/2021,Nike Dunk Low,219
10/15/2022,Nike Dunk Low,143
09/20/2022,Nike React Infinity Run,179
08/23/2023,Nike Air Force 1,113
06/09/2023,Nike Blazer Mid 77,158
02/03/2022,Nike Blazer Mid 77,178
07/27/2021,Nike Air Max 97,159
07/06/2022,Nike Air Max 95,160
03/08/2022,Nike Dunk Low,276
05/02/2023,Nike Blazer Mid 77,88
06/25/2020,Nike ZoomX Vaporfly NEXT%,186
08/14/2023,Nike Air Max 95,285
08/14/2022,Nike Air Max 95,222
03/19/2022,Nike Air Max 270,96
03/30/2022,Nike Air Max 95,161
07/24/2020,Nike React Infinity Run,291
07/02/2021,Nike ZoomX Vaporfly NEXT%,152
04/12/2022,Nike React Infinity Run,122
09/07/2021,Nike Dunk Low,97
05/03/2020,Nike Blazer Mid 77,173
04/04/2023,Nike Blazer Mid 77,194
12/09/2021,Nike Blazer Mid 77,86
01/20/2022,Nike Air Max 97,227
09/06/2020,Nike Dunk Low,152
09/24/2021,Nike Air Max 270,251
09/14/2023,Nike Air Max 90,117
08/26/2022,Nike Air Max 90,130
04/06/2023,Nike Air Zoom Pegasus 37,294
11/29/2021,Nike ZoomX Vaporfly NEXT%,131
04/10/2022,Nike Dunk Low,193
07/18/2022,Nike Air Zoom Pegasus 37,274
03/31/2021,Nike Air Max 270,216
01/28/2021,Nike Blazer Mid 77,290
10/28/2021,Nike Air Max 90,238
12/10/2021,Nike Air Max 270,205
09/06/2020,Nike ZoomX Vaporfly NEXT%,119
09/06/2020,Nike React Infinity Run,184
12/16/2023,Nike React Infinity Run,297
09/28/2022,Nike Air Max 97,199
05/26/2020,Nike ZoomX Vaporfly NEXT%,97
09/26/2020,Nike React Infinity Run,219
01/01/2021,Nike Air Max 90,178
06/13/2023,Nike ZoomX Vaporfly NEXT%,285
06/09/2023,Nike React Infinity Run,97
09/26/2022,Nike Air Force 1,244
10/03/2021,Nike Air Force 1,119
01/25/2022,Nike ZoomX Vaporfly NEXT%,113
09/13/2021,Nike Air Max 95,214
02/27/2023,Nike Air Max 95,271
12/10/2023,Nike Air Max 97,89
10/18/2020,Nike ZoomX Vaporfly NEXT%,133
03/31/2020,Nike Dunk Low,141
08/17/2023,Nike Dunk Low,271
10/20/2020,Nike Air Max 95,234
08/08/2022,Nike Air Max 95,287
10/10/2020,Nike Dunk Low,262
05/15/2023,Nike Air Max 270,238
06/27/2021,Nike Dunk Low,205
05/20/2021,Nike Air Zoom Pegasus 37,135
09/28/2021,Nike Air Force 1,212
11/12/2021,Nike Dunk Low,143
02/28/2020,Nike Dunk Low,201
02/22/2021,Nike Air Force 1,181
01/13/2022,Nike Air Max 97,271
07/14/2021,Nike Air Max 270,228
03/06/2021,Nike Air Force 1,193
07/18/2022,Nike Air Zoom Pegasus 37,239
02/05/2023,Nike Air Max 97,162
11/12/2020,Nike React Infinity Run,237
03/23/2020,Nike Dunk Low,205
12/16/2020,Nike Air Max 97,108
06/13/2022,Nike Air Max 95,283
02/19/2023,Nike React Infinity Run,85
09/03/2023,Nike Air Max 90,210
02/02/2022,Nike ZoomX Vaporfly NEXT%,256
12/06/2020,Nike Blazer Mid 77,147
03/31/2022,Nike React Infinity Run,194
06/04/2021,Nike Air Max 97,227
04/15/2021,Nike React Infinity Run,257
07/17/2021,Nike React Infinity Run,196
06/01/2020,Nike Air Max 97,226
02/23/2022,Nike Air Max 95,266
08/08/2021,Nike Air Force 1,233
